vertex_id;order_pos;importance;geom
253760497;0;0;POINT(37.431087 55.888274)
6991098702;0;0;POINT(37.427421 55.826312)
697728775;0;0;POINT(37.336240 55.823257)
1227874259;0;0;POINT(37.447757 55.834316)
409483156;0;0;POINT(37.438528 55.853777)
444924790;0;0;POINT(37.422209 55.851558)
2389591441;0;0;POINT(37.369186 55.864637)
1003830123;0;0;POINT(37.390687 55.833172)
250557460;0;0;POINT(37.454484 55.836381)
3799463119;0;0;POINT(37.374079 55.842128)
617193930;0;0;POINT(37.383356 55.842454)
1003855719;0;0;POINT(37.394408 55.832604)
248763334;0;0;POINT(37.440305 55.848472)
3872589201;0;0;POINT(37.333111 55.828567)
3556341825;0;0;POINT(37.445613 55.820774)
3631594178;0;0;POINT(37.407439 55.814928)
4488552670;0;0;POINT(37.347489 55.861296)
338986385;0;0;POINT(37.421838 55.834185)
9660566345;0;0;POINT(37.373171 55.858655)
303615374;0;0;POINT(37.383664 55.842624)
9270637678;0;0;POINT(37.386150 55.867790)
319702907;0;0;POINT(37.446647 55.828859)
999300879;0;0;POINT(37.444797 55.881703)
1295727516;0;0;POINT(37.374189 55.828707)
3735160393;0;0;POINT(37.357256 55.831100)
1048918394;0;0;POINT(37.384536 55.815958)
571425679;0;0;POINT(37.442042 55.845916)
4002055834;0;0;POINT(37.458152 55.871172)
4733889761;0;0;POINT(37.436446 55.861729)
1586574244;0;0;POINT(37.440306 55.870346)
1828458284;0;0;POINT(37.332369 55.874055)
324806165;0;0;POINT(37.351161 55.815511)
2174986075;0;0;POINT(37.417468 55.861999)
1003855326;0;0;POINT(37.395637 55.834244)
2077341640;0;0;POINT(37.440021 55.880572)
1852863412;0;0;POINT(37.444974 55.845648)
248683484;0;0;POINT(37.349132 55.840052)
1048916916;0;0;POINT(37.387596 55.815020)
249082274;0;0;POINT(37.431856 55.857902)
443820128;0;0;POINT(37.338110 55.822390)
999300811;0;0;POINT(37.447794 55.879236)
303526526;0;0;POINT(37.370586 55.848131)
297651827;0;0;POINT(37.451666 55.819506)
8975544374;0;0;POINT(37.457112 55.818349)
5065011826;0;0;POINT(37.394175 55.873964)
5332998875;0;0;POINT(37.448885 55.819992)
500036072;0;0;POINT(37.330593 55.832557)
2384960337;0;0;POINT(37.448195 55.877708)
918245440;0;0;POINT(37.434020 55.863436)
303548713;0;0;POINT(37.392444 55.861675)
2334831066;0;0;POINT(37.341065 55.818035)
269170149;0;0;POINT(37.368034 55.849886)
1003830157;0;0;POINT(37.392781 55.843422)
612061467;0;0;POINT(37.431655 55.850558)
610862239;0;0;POINT(37.450552 55.879696)
100802036;0;0;POINT(37.451935 55.819892)
8416834712;0;0;POINT(37.416977 55.823979)
4891714352;0;0;POINT(37.400933 55.872543)
7163640800;0;0;POINT(37.345662 55.839733)
9111542547;0;0;POINT(37.422724 55.833551)
787392094;0;0;POINT(37.457036 55.871952)
1045708090;0;0;POINT(37.345619 55.817527)
3486460672;0;0;POINT(37.345678 55.846684)
303567108;0;0;POINT(37.347851 55.841074)
630766063;0;0;POINT(37.346051 55.839772)
249082273;0;0;POINT(37.434483 55.862120)
442031456;0;0;POINT(37.372659 55.817278)
1416646267;0;0;POINT(37.360959 55.818524)
1746530696;0;0;POINT(37.451619 55.847319)
1289499522;0;0;POINT(37.409947 55.870207)
169021267;0;0;POINT(37.453723 55.818782)
1003830172;0;0;POINT(37.393404 55.843102)
4891714349;0;0;POINT(37.402023 55.871882)
617193900;0;0;POINT(37.349376 55.859854)
2320514330;0;0;POINT(37.441502 55.822305)
2281292716;0;0;POINT(37.323038 55.813544)
8975544372;0;0;POINT(37.455377 55.818764)
9605408862;0;0;POINT(37.321048 55.870194)
1048917764;0;0;POINT(37.384675 55.814587)
1988554949;0;0;POINT(37.380878 55.878071)
4278510264;0;0;POINT(37.348764 55.817399)
529012384;0;0;POINT(37.450563 55.826728)
248639719;0;0;POINT(37.406010 55.850482)
1051340857;0;0;POINT(37.392443 55.832434)
3153433969;0;0;POINT(37.338543 55.818729)
249546060;0;0;POINT(37.414401 55.836271)
442031402;0;0;POINT(37.374462 55.824351)
1224915747;0;0;POINT(37.340100 55.818769)
7023566798;0;0;POINT(37.351056 55.817854)
253735402;0;0;POINT(37.424286 55.877913)
9736397098;0;0;POINT(37.427853 55.884298)
301120787;0;0;POINT(37.402774 55.850575)
702052318;0;0;POINT(37.410289 55.884156)
3824284761;0;0;POINT(37.447892 55.862592)
248789359;0;0;POINT(37.423085 55.848924)
416806139;0;0;POINT(37.406002 55.875280)
248683229;0;0;POINT(37.351420 55.840985)
4488552651;0;0;POINT(37.345778 55.863393)
3815271589;0;0;POINT(37.370860 55.842243)
1636147849;0;0;POINT(37.329662 55.836159)
267391897;0;0;POINT(37.404999 55.830884)
370756310;0;0;POINT(37.332184 55.828326)
1879303935;0;0;POINT(37.362226 55.884223)
913641123;0;0;POINT(37.375365 55.823594)
9420108232;0;0;POINT(37.348519 55.842277)
630746684;0;0;POINT(37.340617 55.839101)
2455266103;0;0;POINT(37.323643 55.826130)
248187884;0;0;POINT(37.382703 55.847355)
338986277;0;0;POINT(37.419662 55.835772)
1632448350;0;0;POINT(37.350174 55.858125)
2622018760;0;0;POINT(37.420398 55.845007)
4278510446;0;0;POINT(37.360360 55.819208)
1988554646;0;0;POINT(37.369132 55.875387)
4404233511;0;0;POINT(37.450270 55.826746)
6802180417;0;0;POINT(37.364936 55.839496)
1879285174;0;0;POINT(37.360775 55.879307)
9323729241;0;0;POINT(37.438941 55.846412)
6144636800;0;0;POINT(37.394781 55.839588)
416806094;0;0;POINT(37.409231 55.873065)
1003830143;0;0;POINT(37.393107 55.843499)
311829963;0;0;POINT(37.447484 55.843720)
303586553;0;0;POINT(37.413650 55.826319)
7667734626;0;0;POINT(37.362067 55.852304)
7962087518;0;0;POINT(37.397943 55.831819)
249260872;0;0;POINT(37.391778 55.849010)
3331908909;0;0;POINT(37.348014 55.841048)
6144636838;0;0;POINT(37.396412 55.838640)
248677210;0;0;POINT(37.414241 55.878641)
336207234;0;0;POINT(37.456231 55.831533)
2460510245;0;0;POINT(37.361245 55.819582)
4974239203;0;0;POINT(37.434968 55.820941)
248789892;0;0;POINT(37.420176 55.844127)
249542227;0;0;POINT(37.397320 55.835509)
1712547351;0;0;POINT(37.447525 55.881046)
443824952;0;0;POINT(37.345409 55.818647)
2330731624;0;0;POINT(37.342135 55.818588)
9113279947;0;0;POINT(37.457617 55.846416)
251781700;0;0;POINT(37.352325 55.837854)
247137746;0;0;POINT(37.436741 55.888177)
1045834814;0;0;POINT(37.361887 55.822972)
347453956;0;0;POINT(37.391841 55.834321)
3556341860;0;0;POINT(37.439079 55.823203)
3865317469;0;0;POINT(37.341798 55.818717)
416806194;0;0;POINT(37.405541 55.883382)
926163198;0;0;POINT(37.404988 55.849743)
250301790;0;0;POINT(37.421415 55.827229)
1249887174;0;0;POINT(37.356552 55.833418)
303572090;0;0;POINT(37.366705 55.862605)
4962654447;0;0;POINT(37.458444 55.843764)
249542429;0;0;POINT(37.449644 55.859302)
248703345;0;0;POINT(37.355026 55.855774)
3887779821;0;0;POINT(37.347438 55.818403)
249544586;0;0;POINT(37.405781 55.832872)
635950641;0;0;POINT(37.456533 55.844465)
8108793768;0;0;POINT(37.358110 55.863876)
249262070;0;0;POINT(37.381883 55.846949)
339001445;0;0;POINT(37.387786 55.851489)
5256741705;0;0;POINT(37.452445 55.826607)
6950556447;0;0;POINT(37.411273 55.829287)
8825725917;0;0;POINT(37.358110 55.847078)
1451971268;0;0;POINT(37.404167 55.877282)
1232487875;0;0;POINT(37.407215 55.836810)
2343014005;0;0;POINT(37.395179 55.867320)
8984249016;0;0;POINT(37.333253 55.827005)
635950638;0;0;POINT(37.457715 55.844042)
1952708722;0;0;POINT(37.333592 55.827962)
5256743055;0;0;POINT(37.453418 55.832428)
248677130;0;0;POINT(37.390905 55.854346)
2099879365;0;0;POINT(37.451388 55.882108)
269170228;0;0;POINT(37.353938 55.856296)
249081544;0;0;POINT(37.450814 55.880391)
442035753;0;0;POINT(37.367448 55.824523)
763209209;0;0;POINT(37.409844 55.884187)
253316697;0;0;POINT(37.458376 55.829797)
2922653391;0;0;POINT(37.456434 55.834484)
60564785;0;0;POINT(37.458555 55.869954)
9660566346;0;0;POINT(37.372844 55.864927)
1852991405;0;0;POINT(37.439864 55.871472)
276748006;0;0;POINT(37.331108 55.873607)
2159438350;0;0;POINT(37.379143 55.839890)
1977939148;0;0;POINT(37.328490 55.831400)
3331908919;0;0;POINT(37.349098 55.843825)
1126525714;0;0;POINT(37.443935 55.845729)
4049200168;0;0;POINT(37.347833 55.815551)
1102889221;0;0;POINT(37.396424 55.862491)
4818912396;0;0;POINT(37.428965 55.876327)
9278810491;0;0;POINT(37.437087 55.819663)
5919991122;0;0;POINT(37.416591 55.828217)
1003819324;0;0;POINT(37.398690 55.834355)
3818500618;0;0;POINT(37.364993 55.844317)
249568949;0;0;POINT(37.423139 55.848641)
339001489;0;0;POINT(37.386838 55.852753)
8980575603;0;0;POINT(37.393428 55.826245)
348227575;0;0;POINT(37.397776 55.851443)
8045034791;0;0;POINT(37.435476 55.820417)
35904913;0;0;POINT(37.459564 55.871599)
267380316;0;0;POINT(37.452173 55.851973)
972658486;0;0;POINT(37.384938 55.818685)
6031720987;0;0;POINT(37.373511 55.844294)
9577934955;0;0;POINT(37.431588 55.849583)
999326271;0;0;POINT(37.438635 55.879695)
8383152151;0;0;POINT(37.433804 55.816855)
430404937;0;0;POINT(37.442221 55.856912)
8722894425;0;0;POINT(37.376818 55.844038)
3914345567;0;0;POINT(37.435390 55.823828)
6144636831;0;0;POINT(37.395213 55.841365)
522820585;0;0;POINT(37.357542 55.817452)
610811893;0;0;POINT(37.384253 55.846177)
251651608;0;0;POINT(37.349820 55.863312)
1340049329;0;0;POINT(37.350049 55.844264)
253315458;0;0;POINT(37.446204 55.827057)
617193965;0;0;POINT(37.355524 55.856180)
9363858817;0;0;POINT(37.424153 55.822078)
486619762;0;0;POINT(37.390700 55.850412)
3858524838;0;0;POINT(37.353008 55.841652)
1003562892;0;0;POINT(37.432188 55.877943)
1003819343;0;0;POINT(37.395782 55.835941)
660850865;0;0;POINT(37.332835 55.828362)
303586934;0;0;POINT(37.418218 55.826090)
303581299;0;0;POINT(37.361947 55.827989)
260328156;0;0;POINT(37.408172 55.829817)
8980575573;0;0;POINT(37.393050 55.822932)
1845432767;0;0;POINT(37.436948 55.883707)
409483025;0;0;POINT(37.434259 55.856896)
3556341834;0;0;POINT(37.446365 55.821027)
2343014002;0;0;POINT(37.398573 55.865625)
9674414138;0;0;POINT(37.340531 55.824107)
625595161;0;0;POINT(37.432094 55.849829)
1965488518;0;0;POINT(37.400285 55.862745)
100802041;0;0;POINT(37.456176 55.818444)
370757548;0;0;POINT(37.327290 55.830700)
303587877;0;0;POINT(37.433326 55.828064)
267375066;0;0;POINT(37.433923 55.874876)
442031397;0;0;POINT(37.369468 55.817772)
8311547250;0;0;POINT(37.405549 55.830361)
6144636728;0;0;POINT(37.399188 55.831730)
7648865935;0;0;POINT(37.417316 55.827578)
301694990;0;0;POINT(37.407466 55.852074)
2922622257;0;0;POINT(37.458757 55.830307)
3785927222;0;0;POINT(37.430311 55.828545)
1003860809;0;0;POINT(37.394576 55.830323)
5928118654;0;0;POINT(37.345705 55.817108)
704344116;0;0;POINT(37.439576 55.843463)
249264894;0;0;POINT(37.353372 55.827044)
806438974;0;0;POINT(37.367123 55.846258)
276748289;0;0;POINT(37.342178 55.860144)
311829980;0;0;POINT(37.439802 55.846232)
269170112;0;0;POINT(37.362388 55.847611)
3207731107;0;0;POINT(37.376210 55.821612)
1454658322;0;0;POINT(37.406526 55.868213)
2068375807;0;0;POINT(37.434929 55.824375)
9426362423;0;0;POINT(37.403179 55.842751)
169022594;0;0;POINT(37.448265 55.820286)
1003819369;0;0;POINT(37.387577 55.851137)
1421833999;0;0;POINT(37.405086 55.849842)
7562972862;0;0;POINT(37.356045 55.843933)
806438895;0;0;POINT(37.365922 55.844482)
898920362;0;0;POINT(37.457406 55.872111)
1003860815;0;0;POINT(37.395624 55.834072)
310576594;0;0;POINT(37.391967 55.828666)
1868486534;0;0;POINT(37.373238 55.879678)
1295727557;0;0;POINT(37.377198 55.830545)
9025301739;0;0;POINT(37.438955 55.872808)
3818500626;0;0;POINT(37.364666 55.844440)
603229660;0;0;POINT(37.435851 55.863365)
942401781;0;0;POINT(37.446625 55.828755)
275104872;0;0;POINT(37.433782 55.864145)
1879284692;0;0;POINT(37.360634 55.879203)
1835300218;0;0;POINT(37.433274 55.882641)
4488552769;0;0;POINT(37.338050 55.868835)
303586417;0;0;POINT(37.423102 55.829539)
506218034;0;0;POINT(37.369543 55.818038)
698807384;0;0;POINT(37.412994 55.836204)
2137445077;0;0;POINT(37.393411 55.828636)
4463590024;0;0;POINT(37.441969 55.837915)
9088335525;0;0;POINT(37.458313 55.817625)
250557457;0;0;POINT(37.455189 55.844593)
1003860814;0;0;POINT(37.395092 55.830127)
1828741342;0;0;POINT(37.332190 55.874337)
7425523758;0;0;POINT(37.350629 55.847454)
60571810;0;0;POINT(37.423619 55.878138)
303567114;0;0;POINT(37.350183 55.844347)
864659137;0;0;POINT(37.420564 55.860953)
169022593;0;0;POINT(37.446513 55.820996)
890501903;0;0;POINT(37.459443 55.870227)
630765964;0;0;POINT(37.345440 55.836579)
9215032924;0;0;POINT(37.355325 55.831996)
9659146222;0;0;POINT(37.392446 55.865626)
9674392584;0;0;POINT(37.374257 55.826424)
1976307479;0;0;POINT(37.415106 55.883508)
1519266997;0;0;POINT(37.333318 55.828298)
324806145;0;0;POINT(37.353679 55.815813)
2038906757;0;0;POINT(37.329034 55.813684)
9113279933;0;0;POINT(37.401511 55.840488)
338986486;0;0;POINT(37.423797 55.837922)
4396413484;0;0;POINT(37.371192 55.846741)
2455259163;0;0;POINT(37.329740 55.832095)
7724218775;0;0;POINT(37.404680 55.866692)
1194840902;0;0;POINT(37.437307 55.859292)
7974991362;0;0;POINT(37.450509 55.821855)
64610787;0;0;POINT(37.425451 55.877437)
269170140;0;0;POINT(37.367895 55.849959)
1455316577;0;0;POINT(37.412288 55.871534)
7077496885;0;0;POINT(37.351471 55.817841)
7724218777;0;0;POINT(37.379342 55.844497)
1374929036;0;0;POINT(37.420231 55.835357)
3887779844;0;0;POINT(37.332692 55.829092)
999300927;0;0;POINT(37.451672 55.882376)
1003855772;0;0;POINT(37.391132 55.833376)
673758745;0;0;POINT(37.387849 55.815185)
2922652429;0;0;POINT(37.457911 55.829161)
5065011856;0;0;POINT(37.395795 55.871583)
7648865942;0;0;POINT(37.417357 55.828062)
806438867;0;0;POINT(37.366320 55.845619)
269168030;0;0;POINT(37.384338 55.835776)
1352812939;0;0;POINT(37.350377 55.829099)
3448326109;0;0;POINT(37.429455 55.828293)
617228401;0;0;POINT(37.346141 55.863181)
8044993457;0;0;POINT(37.433262 55.818202)
8044993480;0;0;POINT(37.428345 55.815962)
7992692015;0;0;POINT(37.370688 55.842971)
1046349664;0;0;POINT(37.383263 55.818311)
6053279927;0;0;POINT(37.371851 55.864929)
8383152150;0;0;POINT(37.434209 55.816852)
1366856843;0;0;POINT(37.417923 55.849358)
2293710891;0;0;POINT(37.425835 55.848940)
1295727587;0;0;POINT(37.374192 55.829647)
483338425;0;0;POINT(37.440323 55.871938)
1346563700;0;0;POINT(37.440428 55.849908)
2074379876;0;0;POINT(37.434123 55.878535)
8999603417;0;0;POINT(37.383805 55.836045)
500002286;0;0;POINT(37.334272 55.815330)
1003874624;0;0;POINT(37.395281 55.832571)
89446857;0;0;POINT(37.424027 55.863731)
260328161;0;0;POINT(37.397940 55.830216)
1003830178;0;0;POINT(37.392086 55.832715)
685168887;0;0;POINT(37.421289 55.844495)
1669880694;0;0;POINT(37.442479 55.881954)
3331790352;0;0;POINT(37.341350 55.839168)
928058283;0;0;POINT(37.412450 55.829049)
1049002912;0;0;POINT(37.389088 55.810413)
249568923;0;0;POINT(37.432165 55.849631)
4648879236;0;0;POINT(37.404022 55.873193)
50470311;0;0;POINT(37.448207 55.878903)
4758756103;0;0;POINT(37.348688 55.832289)
2106014723;0;0;POINT(37.340434 55.846457)
259582731;0;0;POINT(37.340659 55.819222)
250556655;0;0;POINT(37.446443 55.846743)
1712547379;0;0;POINT(37.448694 55.881551)
1022485970;0;0;POINT(37.429375 55.829062)
9275248065;0;0;POINT(37.422693 55.826936)
1234341027;0;0;POINT(37.368461 55.814115)
900320360;0;0;POINT(37.450549 55.877244)
1607462076;0;0;POINT(37.447408 55.880213)
3054443937;0;0;POINT(37.350039 55.815046)
7425523757;0;0;POINT(37.349263 55.846596)
1960754225;0;0;POINT(37.387555 55.815025)
1003819454;0;0;POINT(37.392143 55.845518)
4965381201;0;0;POINT(37.458389 55.842009)
6356120575;0;0;POINT(37.342846 55.837982)
1143404208;0;0;POINT(37.435206 55.863385)
1712547401;0;0;POINT(37.444289 55.882057)
999326290;0;0;POINT(37.442194 55.883732)
1157920403;0;0;POINT(37.436237 55.862319)
272771544;0;0;POINT(37.362511 55.817317)
675667419;0;0;POINT(37.449610 55.819301)
673360623;0;0;POINT(37.425510 55.881755)
1003563019;0;0;POINT(37.434081 55.878268)
1045955532;0;0;POINT(37.371454 55.828996)
806437200;0;0;POINT(37.423539 55.847549)
6000796845;0;0;POINT(37.427320 55.885016)
5378340999;0;0;POINT(37.435850 55.879266)
7222226623;0;0;POINT(37.342039 55.838419)
608594577;0;0;POINT(37.393876 55.817164)
2384960330;0;0;POINT(37.446694 55.877685)
264182800;0;0;POINT(37.353572 55.827837)
1003860817;0;0;POINT(37.393883 55.828176)
626586312;0;0;POINT(37.439451 55.872488)
3693628637;0;0;POINT(37.340909 55.839060)
347690957;0;0;POINT(37.403396 55.830806)
9241398641;0;0;POINT(37.396789 55.876771)
9105235302;0;0;POINT(37.438524 55.851309)
3155956930;0;0;POINT(37.349908 55.818826)
898921650;0;0;POINT(37.452293 55.875819)
961541806;0;0;POINT(37.422796 55.858370)
490662131;0;0;POINT(37.428464 55.853814)
3887779833;0;0;POINT(37.343521 55.818685)
248543382;0;0;POINT(37.367131 55.849853)
248676081;0;0;POINT(37.391587 55.851001)
1102889020;0;0;POINT(37.396784 55.862470)
1003806460;0;0;POINT(37.383702 55.852210)
303567113;0;0;POINT(37.349152 55.843767)
6085615738;0;0;POINT(37.327025 55.876578)
303574313;0;0;POINT(37.384112 55.836089)
926733787;0;0;POINT(37.424385 55.863917)
3887704859;0;0;POINT(37.355123 55.831691)
9577934936;0;0;POINT(37.428210 55.849205)
1388699703;0;0;POINT(37.421898 55.855114)
3659758206;0;0;POINT(37.331281 55.873663)
1003830198;0;0;POINT(37.398774 55.832055)
6991098698;0;0;POINT(37.427632 55.826126)
3798662092;0;0;POINT(37.351543 55.815834)
663662710;0;0;POINT(37.420569 55.880392)
685163573;0;0;POINT(37.402992 55.849483)
248787567;0;0;POINT(37.440155 55.850686)
3738837313;0;0;POINT(37.385947 55.835005)
6739386929;0;0;POINT(37.384564 55.816206)
251781697;0;0;POINT(37.355185 55.838640)
336207271;0;0;POINT(37.456283 55.831818)
446140744;0;0;POINT(37.384317 55.814955)
303586376;0;0;POINT(37.418418 55.828040)
60571798;0;0;POINT(37.433322 55.875039)
1295727635;0;0;POINT(37.377660 55.830328)
443820127;0;0;POINT(37.337145 55.822140)
472699115;0;0;POINT(37.455218 55.843106)
2497176424;0;0;POINT(37.398276 55.876587)
352983680;0;0;POINT(37.358172 55.845268)
3486462405;0;0;POINT(37.343073 55.849610)
430404979;0;0;POINT(37.439083 55.853952)
299247830;0;0;POINT(37.459001 55.817422)
7992692039;0;0;POINT(37.375146 55.845419)
303574001;0;0;POINT(37.388156 55.833968)
6665628128;0;0;POINT(37.347043 55.840053)
301857085;0;0;POINT(37.435785 55.863555)
2305669853;0;0;POINT(37.332238 55.872619)
5256743066;0;0;POINT(37.453885 55.834757)
8342119783;0;0;POINT(37.395025 55.867394)
305149632;0;0;POINT(37.327398 55.835117)
7667734621;0;0;POINT(37.363254 55.851725)
9420108231;0;0;POINT(37.348312 55.841924)
942406706;0;0;POINT(37.441385 55.829023)
267380483;0;0;POINT(37.405309 55.833131)
1835300209;0;0;POINT(37.430243 55.882251)
1098002118;0;0;POINT(37.454650 55.818860)
1003819421;0;0;POINT(37.394562 55.851851)
571425688;0;0;POINT(37.446741 55.845886)
3939364488;0;0;POINT(37.412631 55.861855)
690976165;0;0;POINT(37.398832 55.833463)
483324138;0;0;POINT(37.421734 55.855566)
2320536308;0;0;POINT(37.449304 55.820092)
1098001756;0;0;POINT(37.454896 55.818687)
1879284741;0;0;POINT(37.359451 55.882640)
249690746;0;0;POINT(37.370988 55.841601)
500002292;0;0;POINT(37.341888 55.814558)
8181027310;0;0;POINT(37.346443 55.869944)
2334831053;0;0;POINT(37.340907 55.816137)
8108793758;0;0;POINT(37.356740 55.862043)
483344868;0;0;POINT(37.453114 55.849195)
1019854506;0;0;POINT(37.345017 55.852675)
89450647;0;0;POINT(37.419870 55.858178)
1003782756;0;0;POINT(37.390160 55.834039)
3787811806;0;0;POINT(37.377892 55.838548)
4282478166;0;0;POINT(37.349557 55.840344)
9113279953;0;0;POINT(37.457747 55.846020)
248762773;0;0;POINT(37.406700 55.851397)
9363809816;0;0;POINT(37.423869 55.821814)
336207235;0;0;POINT(37.455834 55.831559)
2497222966;0;0;POINT(37.387810 55.876534)
685167582;0;0;POINT(37.420543 55.844755)
1965488521;0;0;POINT(37.395645 55.867634)
1045832723;0;0;POINT(37.380328 55.831018)
169022592;0;0;POINT(37.445860 55.821442)
1532883493;0;0;POINT(37.354525 55.830689)
4278506645;0;0;POINT(37.351341 55.815706)
655197577;0;0;POINT(37.383369 55.847727)
1003874364;0;0;POINT(37.394627 55.830504)
7667734647;0;0;POINT(37.357353 55.854618)
3858596065;0;0;POINT(37.359137 55.847276)
338986275;0;0;POINT(37.426545 55.832037)
1497193158;0;0;POINT(37.443333 55.884017)
169022596;0;0;POINT(37.449157 55.819992)
622415332;0;0;POINT(37.433909 55.860931)
660850870;0;0;POINT(37.332378 55.828475)
668766764;0;0;POINT(37.435850 55.859078)
1201457603;0;0;POINT(37.450114 55.818815)
3571945434;0;0;POINT(37.362541 55.830673)
248789600;0;0;POINT(37.453975 55.836427)
9288271114;0;0;POINT(37.438530 55.855539)
248763176;0;0;POINT(37.437398 55.855339)
3556341840;0;0;POINT(37.445521 55.821144)
1846618122;0;0;POINT(37.339053 55.839144)
1450876688;0;0;POINT(37.410790 55.870671)
999326276;0;0;POINT(37.442900 55.883575)
5689730848;0;0;POINT(37.337989 55.838829)
416806125;0;0;POINT(37.406973 55.874415)
9113279935;0;0;POINT(37.447443 55.863877)
9577934948;0;0;POINT(37.428448 55.849232)
626576755;0;0;POINT(37.444987 55.869046)
3473083197;0;0;POINT(37.374343 55.824708)
1099065121;0;0;POINT(37.344191 55.820466)
1844950843;0;0;POINT(37.414517 55.883758)
698807385;0;0;POINT(37.413328 55.836109)
3887704858;0;0;POINT(37.361329 55.830771)
7021595676;0;0;POINT(37.364891 55.825444)
305117424;0;0;POINT(37.397192 55.836042)
1988554938;0;0;POINT(37.375415 55.877860)
370757544;0;0;POINT(37.329878 55.827731)
303572056;0;0;POINT(37.364887 55.864024)
1596031971;0;0;POINT(37.385350 55.831877)
3915382214;0;0;POINT(37.436142 55.824055)
617578552;0;0;POINT(37.415363 55.857700)
675679337;0;0;POINT(37.428223 55.858338)
416806124;0;0;POINT(37.407143 55.874492)
1003855606;0;0;POINT(37.395550 55.833600)
250344880;0;0;POINT(37.387470 55.834090)
3292155563;0;0;POINT(37.330814 55.817167)
272771551;0;0;POINT(37.364180 55.817984)
8383152149;0;0;POINT(37.432536 55.817115)
1048917915;0;0;POINT(37.387961 55.815175)
1295727642;0;0;POINT(37.364655 55.830377)
1988555076;0;0;POINT(37.373519 55.879755)
8259504031;0;0;POINT(37.394936 55.834985)
444925185;0;0;POINT(37.403283 55.842740)
1456523947;0;0;POINT(37.384836 55.817765)
1868486556;0;0;POINT(37.390551 55.883123)
494037573;0;0;POINT(37.405029 55.832772)
690915676;0;0;POINT(37.405356 55.832810)
3832596114;0;0;POINT(37.370651 55.841316)
5623803524;0;0;POINT(37.358609 55.818340)
932181006;0;0;POINT(37.366913 55.820136)
1253685316;0;0;POINT(37.460563 55.817595)
585074318;0;0;POINT(37.448258 55.861538)
9439712171;0;0;POINT(37.450119 55.857946)
1003819415;0;0;POINT(37.391791 55.851686)
301696114;0;0;POINT(37.416598 55.857920)
9099161562;0;0;POINT(37.452667 55.827614)
347688296;0;0;POINT(37.387619 55.836818)
4002055835;0;0;POINT(37.458514 55.871330)
3917371578;0;0;POINT(37.432028 55.824687)
251651610;0;0;POINT(37.350420 55.863503)
1988554995;0;0;POINT(37.374607 55.878666)
301932065;0;0;POINT(37.439045 55.851354)
3818500637;0;0;POINT(37.363854 55.844753)
1263342164;0;0;POINT(37.323998 55.877937)
9103590118;0;0;POINT(37.407691 55.852402)
1248170602;0;0;POINT(37.364087 55.839412)
8193237403;0;0;POINT(37.413935 55.857169)
494151154;0;0;POINT(37.329132 55.822704)
9025301740;0;0;POINT(37.432209 55.875415)
1200258589;0;0;POINT(37.332866 55.828396)
972123875;0;0;POINT(37.348024 55.860828)
1048917083;0;0;POINT(37.385101 55.816215)
1373719353;0;0;POINT(37.410469 55.836526)
297651960;0;0;POINT(37.473101 55.813446)
610433438;0;0;POINT(37.453840 55.883236)
5265504306;0;0;POINT(37.458476 55.829930)
999306159;0;0;POINT(37.445883 55.881181)
7667734646;0;0;POINT(37.358324 55.854142)
697709688;0;0;POINT(37.395530 55.835519)
249485354;0;0;POINT(37.431621 55.865246)
1331033647;0;0;POINT(37.348214 55.859074)
3917371527;0;0;POINT(37.443309 55.821795)
1003819378;0;0;POINT(37.391833 55.851626)
2142566298;0;0;POINT(37.419839 55.862152)
308087853;0;0;POINT(37.377985 55.845011)
1046429339;0;0;POINT(37.351844 55.827816)
1416646350;0;0;POINT(37.375297 55.820482)
1426957813;0;0;POINT(37.360155 55.846215)
1868486448;0;0;POINT(37.377828 55.876401)
1334631084;0;0;POINT(37.403356 55.848534)
3052006146;0;0;POINT(37.434215 55.814589)
6356120568;0;0;POINT(37.342173 55.838347)
1449621023;0;0;POINT(37.405714 55.883414)
249486175;0;0;POINT(37.420135 55.843064)
443824966;0;0;POINT(37.340936 55.818740)
444816949;0;0;POINT(37.403975 55.830688)
303583099;0;0;POINT(37.398277 55.830721)
1624880770;0;0;POINT(37.363195 55.851754)
7021595684;0;0;POINT(37.361788 55.821318)
490662115;0;0;POINT(37.408357 55.853408)
64610791;0;0;POINT(37.429153 55.876269)
919580663;0;0;POINT(37.451137 55.834938)
1965517572;0;0;POINT(37.375889 55.877176)
250559770;0;0;POINT(37.402450 55.818293)
1003562593;0;0;POINT(37.422904 55.874812)
9514864198;0;0;POINT(37.457318 55.813683)
1003819556;0;0;POINT(37.390815 55.850152)
324806168;0;0;POINT(37.352225 55.815762)
253315453;0;0;POINT(37.447923 55.835140)
2497225691;0;0;POINT(37.404710 55.873638)
297477811;0;0;POINT(37.456945 55.813783)
7667734648;0;0;POINT(37.357131 55.854728)
9128626709;0;0;POINT(37.422416 55.827021)
446140823;0;0;POINT(37.382956 55.818374)
249568728;0;0;POINT(37.432053 55.849945)
5130280924;0;0;POINT(37.398604 55.812601)
7426444874;0;0;POINT(37.343090 55.852601)
506873745;0;0;POINT(37.369445 55.821171)
2349245346;0;0;POINT(37.323071 55.819277)
8736019838;0;0;POINT(37.424556 55.849000)
1302323782;0;0;POINT(37.368564 55.861018)
3153392737;0;0;POINT(37.330539 55.819006)
248781188;0;0;POINT(37.346525 55.870839)
248681701;0;0;POINT(37.361501 55.847057)
248787414;0;0;POINT(37.440049 55.849389)
2330731644;0;0;POINT(37.340936 55.818634)
2688991990;0;0;POINT(37.336382 55.823081)
1020077155;0;0;POINT(37.384580 55.814097)
1003855780;0;0;POINT(37.387757 55.832623)
1109157429;0;0;POINT(37.399063 55.866227)
1965517431;0;0;POINT(37.376891 55.873332)
250557094;0;0;POINT(37.449050 55.859184)
494039728;0;0;POINT(37.380977 55.828844)
7533564225;0;0;POINT(37.368398 55.843338)
9111542548;0;0;POINT(37.422680 55.833161)
250566211;0;0;POINT(37.391479 55.814429)
3331790960;0;0;POINT(37.348871 55.843106)
248441665;0;0;POINT(37.402169 55.850738)
272771960;0;0;POINT(37.368143 55.827793)
5840577687;0;0;POINT(37.410823 55.829570)
269170758;0;0;POINT(37.355851 55.832659)
249541484;0;0;POINT(37.352196 55.837951)
248789709;0;0;POINT(37.417675 55.849426)
312005253;0;0;POINT(37.412054 55.884727)
2497222952;0;0;POINT(37.391555 55.873310)
626612493;0;0;POINT(37.436138 55.874337)
50476549;0;0;POINT(37.450636 55.876816)
1438430063;0;0;POINT(37.371941 55.822198)
690915721;0;0;POINT(37.405576 55.832142)
4488552685;0;0;POINT(37.346969 55.862173)
249569345;0;0;POINT(37.413797 55.836662)
9094388670;0;0;POINT(37.403476 55.848202)
272771290;0;0;POINT(37.369172 55.821378)
750859215;0;0;POINT(37.444077 55.857536)
6085615743;0;0;POINT(37.326534 55.876616)
1003819386;0;0;POINT(37.394564 55.851764)
5256743073;0;0;POINT(37.453924 55.834997)
4463589994;0;0;POINT(37.441079 55.837378)
248441367;0;0;POINT(37.347642 55.861542)
6031669578;0;0;POINT(37.375558 55.845695)
338986343;0;0;POINT(37.416921 55.833500)
2497222940;0;0;POINT(37.391922 55.871191)
1960758132;0;0;POINT(37.380906 55.818940)
297651958;0;0;POINT(37.459903 55.817132)
610390580;0;0;POINT(37.448753 55.883706)
898920427;0;0;POINT(37.451845 55.875848)
169020711;0;0;POINT(37.449955 55.819240)
1672372018;0;0;POINT(37.419204 55.833384)
248703349;0;0;POINT(37.345964 55.860141)
251781917;0;0;POINT(37.350257 55.829699)
1256866748;0;0;POINT(37.438459 55.855685)
1045832407;0;0;POINT(37.351230 55.817903)
1879285179;0;0;POINT(37.360638 55.879073)
932180905;0;0;POINT(37.366650 55.820343)
685168882;0;0;POINT(37.420189 55.844511)
1168620491;0;0;POINT(37.403501 55.843141)
3014142108;0;0;POINT(37.329804 55.839925)
1233970141;0;0;POINT(37.441475 55.843354)
1712547330;0;0;POINT(37.447477 55.879870)
6053279933;0;0;POINT(37.374326 55.858655)
248639723;0;0;POINT(37.403006 55.850518)
7600520395;0;0;POINT(37.332934 55.823900)
500002285;0;0;POINT(37.336242 55.815520)
494039663;0;0;POINT(37.382838 55.824425)
6597521038;0;0;POINT(37.371926 55.858975)
6085432617;0;0;POINT(37.350496 55.844189)
3571945440;0;0;POINT(37.358915 55.830968)
3278265489;0;0;POINT(37.444606 55.843409)
1828530968;0;0;POINT(37.332872 55.874151)
2038906834;0;0;POINT(37.334183 55.815608)
653306969;0;0;POINT(37.408923 55.885004)
1003860830;0;0;POINT(37.396294 55.833958)
249690744;0;0;POINT(37.368978 55.842641)
1983556514;0;0;POINT(37.329904 55.822051)
5928118665;0;0;POINT(37.345265 55.816277)
303553446;0;0;POINT(37.409640 55.884637)
625595062;0;0;POINT(37.428228 55.849402)
1162084975;0;0;POINT(37.409284 55.884236)
1636147863;0;0;POINT(37.329965 55.836360)
8090778637;0;0;POINT(37.416261 55.879218)
248763180;0;0;POINT(37.439079 55.852217)
625595156;0;0;POINT(37.429324 55.849522)
1900307009;0;0;POINT(37.425707 55.881809)
1979131202;0;0;POINT(37.411510 55.861659)
1003806532;0;0;POINT(37.380899 55.851456)
9051031627;0;0;POINT(37.374044 55.827621)
9442481308;0;0;POINT(37.461347 55.825589)
311973091;0;0;POINT(37.438090 55.837626)
311829979;0;0;POINT(37.441813 55.837321)
4552749389;0;0;POINT(37.329701 55.830728)
4118651614;0;0;POINT(37.426258 55.826372)
1003855399;0;0;POINT(37.387438 55.836553)
2093232157;0;0;POINT(37.455303 55.882532)
5254255407;0;0;POINT(37.399895 55.831435)
1389413646;0;0;POINT(37.401747 55.853733)
3571945433;0;0;POINT(37.363358 55.830607)
1003855977;0;0;POINT(37.387355 55.851113)
1003860831;0;0;POINT(37.394519 55.828321)
3763031286;0;0;POINT(37.440827 55.822764)
249261360;0;0;POINT(37.383211 55.842369)
3496041562;0;0;POINT(37.359007 55.882212)
942401767;0;0;POINT(37.451745 55.830085)
7425523752;0;0;POINT(37.350381 55.847298)
248683240;0;0;POINT(37.344867 55.839659)
1003782562;0;0;POINT(37.383573 55.833727)
8984249015;0;0;POINT(37.332296 55.824676)
275104766;0;0;POINT(37.402706 55.850203)
5256743076;0;0;POINT(37.454290 55.835601)
8012827694;0;0;POINT(37.396127 55.832147)
483344872;0;0;POINT(37.455743 55.849170)
261668611;0;0;POINT(37.412660 55.835999)
267375696;0;0;POINT(37.454718 55.844516)
610923029;0;0;POINT(37.451503 55.852108)
1003562305;0;0;POINT(37.405791 55.867483)
7667734627;0;0;POINT(37.361716 55.852475)
1200258593;0;0;POINT(37.332639 55.828586)
3297345091;0;0;POINT(37.324296 55.819275)
248543796;0;0;POINT(37.360772 55.846605)
1604549064;0;0;POINT(37.405929 55.874347)
9111542565;0;0;POINT(37.412802 55.836462)
248789403;0;0;POINT(37.430421 55.843998)
1899070389;0;0;POINT(37.448510 55.820835)
2364771652;0;0;POINT(37.382521 55.859502)
2292784016;0;0;POINT(37.448729 55.862048)
300241663;0;0;POINT(37.448121 55.821082)
303585882;0;0;POINT(37.419589 55.827814)
539001064;0;0;POINT(37.464268 55.838312)
1481167851;0;0;POINT(37.400459 55.864160)
249691093;0;0;POINT(37.369421 55.842868)
2098362533;0;0;POINT(37.383683 55.823765)
8044993459;0;0;POINT(37.427672 55.819372)
303566801;0;0;POINT(37.353497 55.827610)
446140773;0;0;POINT(37.382306 55.815609)
1606128933;0;0;POINT(37.406815 55.873687)
1341544227;0;0;POINT(37.357158 55.844630)
3671732340;0;0;POINT(37.363092 55.845058)
1045832480;0;0;POINT(37.350376 55.818034)
4974239195;0;0;POINT(37.433669 55.818803)
303611115;0;0;POINT(37.447569 55.820597)
7243448344;0;0;POINT(37.375347 55.876636)
5256743064;0;0;POINT(37.454111 55.834735)
7023566799;0;0;POINT(37.350352 55.817963)
269140731;0;0;POINT(37.371397 55.842048)
2460213625;0;0;POINT(37.445847 55.881210)
4974239205;0;0;POINT(37.435138 55.822048)
979104090;0;0;POINT(37.385308 55.848399)
305150364;0;0;POINT(37.332724 55.837765)
1201457600;0;0;POINT(37.449966 55.818967)
3738837310;0;0;POINT(37.385653 55.834919)
301695043;0;0;POINT(37.408868 55.854606)
1003782222;0;0;POINT(37.402441 55.831025)
1003562955;0;0;POINT(37.427691 55.876295)
303526365;0;0;POINT(37.370233 55.848815)
2334831085;0;0;POINT(37.340703 55.819167)
662919501;0;0;POINT(37.408529 55.884302)
447774929;0;0;POINT(37.445920 55.826094)
7021595677;0;0;POINT(37.364598 55.825167)
585117620;0;0;POINT(37.448172 55.861778)
1839023971;0;0;POINT(37.344093 55.847963)
1456523948;0;0;POINT(37.383068 55.818350)
9790727967;0;0;POINT(37.434012 55.850042)
664152089;0;0;POINT(37.411467 55.884206)
699624572;0;0;POINT(37.424136 55.837222)
9113518578;0;0;POINT(37.448218 55.832745)
9269272911;0;0;POINT(37.438658 55.846293)
248442771;0;0;POINT(37.343464 55.848791)
250961758;0;0;POINT(37.403817 55.846633)
4488552652;0;0;POINT(37.345845 55.863467)
252613714;0;0;POINT(37.429079 55.882743)
3773456577;0;0;POINT(37.352037 55.831714)
89446859;0;0;POINT(37.421282 55.861903)
999326287;0;0;POINT(37.437696 55.879635)
1045834403;0;0;POINT(37.345764 55.816758)
1949371382;0;0;POINT(37.331969 55.828614)
2202711812;0;0;POINT(37.439903 55.869741)
9288271115;0;0;POINT(37.439012 55.854161)
249668497;0;0;POINT(37.399175 55.833587)
9113518563;0;0;POINT(37.455792 55.831352)
9310237880;0;0;POINT(37.423345 55.848667)
1371502879;0;0;POINT(37.423839 55.843253)
5256743072;0;0;POINT(37.450853 55.823280)
250556697;0;0;POINT(37.452002 55.850669)
249690741;0;0;POINT(37.365683 55.844057)
2108920295;0;0;POINT(37.449258 55.860436)
442029052;0;0;POINT(37.366139 55.815337)
266713616;0;0;POINT(37.377607 55.844691)
1003874381;0;0;POINT(37.395170 55.830353)
1003819413;0;0;POINT(37.388499 55.851486)
1989584382;0;0;POINT(37.338444 55.822457)
2334831078;0;0;POINT(37.341055 55.818737)
248787480;0;0;POINT(37.439482 55.849423)
961570247;0;0;POINT(37.421400 55.861996)
5065011606;0;0;POINT(37.399615 55.873296)
1845474264;0;0;POINT(37.339203 55.821506)
1845474261;0;0;POINT(37.338885 55.821425)
303587870;0;0;POINT(37.432253 55.825060)
249569077;0;0;POINT(37.434323 55.850192)
8825725918;0;0;POINT(37.358539 55.846891)
251781698;0;0;POINT(37.354589 55.838583)
3473083189;0;0;POINT(37.373711 55.824506)
5928118646;0;0;POINT(37.347341 55.816685)
3287142177;0;0;POINT(37.335434 55.870525)
5260031318;0;0;POINT(37.430938 55.823150)
249543509;0;0;POINT(37.406399 55.840720)
249261351;0;0;POINT(37.383360 55.846962)
8012827689;0;0;POINT(37.395062 55.840857)
9105235291;0;0;POINT(37.440127 55.849162)
4866557348;0;0;POINT(37.331189 55.867749)
617193909;0;0;POINT(37.348346 55.860760)
99952908;0;0;POINT(37.427407 55.876807)
691622367;0;0;POINT(37.455797 55.836276)
297651825;0;0;POINT(37.449687 55.819975)
1988555046;0;0;POINT(37.373783 55.879373)
586273702;0;0;POINT(37.446511 55.865807)
260327982;0;0;POINT(37.359008 55.811914)
2330731618;0;0;POINT(37.344071 55.818676)
416806166;0;0;POINT(37.406047 55.882312)
673360537;0;0;POINT(37.422234 55.878908)
972130872;0;0;POINT(37.366143 55.859969)
35907784;0;0;POINT(37.467401 55.874787)
269170254;0;0;POINT(37.355395 55.856085)
3556341874;0;0;POINT(37.430631 55.825034)
250344888;0;0;POINT(37.393811 55.831757)
3796946347;0;0;POINT(37.388075 55.836915)
9873908855;0;0;POINT(37.434085 55.850826)
267838290;0;0;POINT(37.353574 55.852993)
483324112;0;0;POINT(37.419412 55.857914)
1846618491;0;0;POINT(37.347789 55.845561)
2478733231;0;0;POINT(37.337270 55.818773)
248188121;0;0;POINT(37.372482 55.841639)
250556656;0;0;POINT(37.453699 55.847545)
275104481;0;0;POINT(37.430241 55.830247)
2171602778;0;0;POINT(37.380605 55.846359)
1003562004;0;0;POINT(37.395220 55.854198)
1003830192;0;0;POINT(37.393077 55.843025)
494151170;0;0;POINT(37.329676 55.823850)
7994845381;0;0;POINT(37.371598 55.847019)
2084467757;0;0;POINT(37.341796 55.815951)
1020077150;0;0;POINT(37.384010 55.814157)
251783194;0;0;POINT(37.371086 55.841443)
4891714354;0;0;POINT(37.402305 55.872068)
4488552676;0;0;POINT(37.347569 55.861411)
1413626407;0;0;POINT(37.404744 55.839493)
1607473499;0;0;POINT(37.453593 55.875128)
303526298;0;0;POINT(37.366672 55.850550)
617193939;0;0;POINT(37.387354 55.837067)
248781108;0;0;POINT(37.342022 55.866201)
8388584188;0;0;POINT(37.450128 55.882242)
1003806464;0;0;POINT(37.385200 55.848866)
6085432618;0;0;POINT(37.350785 55.844044)
35905125;0;0;POINT(37.452616 55.876322)
418231204;0;0;POINT(37.354357 55.825486)
444924919;0;0;POINT(37.438913 55.846277)
249689936;0;0;POINT(37.406886 55.836779)
416806174;0;0;POINT(37.404319 55.876506)
250301788;0;0;POINT(37.419192 55.827694)
1454681367;0;0;POINT(37.406986 55.832588)
249541798;0;0;POINT(37.387191 55.851451)
60571809;0;0;POINT(37.425355 55.877584)
1003562230;0;0;POINT(37.400557 55.862603)
8984279935;0;0;POINT(37.348714 55.852818)
1981065828;0;0;POINT(37.334236 55.822288)
248683473;0;0;POINT(37.350629 55.840384)
620071711;0;0;POINT(37.424250 55.877353)
264182989;0;0;POINT(37.367436 55.849698)
7827768634;0;0;POINT(37.356876 55.838024)
620086282;0;0;POINT(37.421847 55.879005)
249542332;0;0;POINT(37.376204 55.840042)
3876623697;0;0;POINT(37.397520 55.835740)
9310237881;0;0;POINT(37.424995 55.848846)
9323729242;0;0;POINT(37.439356 55.848373)
4463590005;0;0;POINT(37.439254 55.837514)
5928118664;0;0;POINT(37.346486 55.816502)
7962087519;0;0;POINT(37.399130 55.831557)
442862841;0;0;POINT(37.390827 55.850450)
446140737;0;0;POINT(37.384868 55.817943)
1003562596;0;0;POINT(37.422769 55.874984)
643117288;0;0;POINT(37.329376 55.827600)
1438430052;0;0;POINT(37.376049 55.821391)
4282478167;0;0;POINT(37.351108 55.840565)
442029049;0;0;POINT(37.368731 55.815101)
999300921;0;0;POINT(37.455738 55.882536)
272771266;0;0;POINT(37.363312 55.818974)
1438430061;0;0;POINT(37.371364 55.821955)
3917371498;0;0;POINT(37.444683 55.819501)
446140636;0;0;POINT(37.385515 55.822038)
483344881;0;0;POINT(37.453498 55.848107)
1988553793;0;0;POINT(37.369586 55.862590)
9241398642;0;0;POINT(37.396707 55.876575)
9577934947;0;0;POINT(37.429250 55.849328)
7667734645;0;0;POINT(37.359053 55.853781)
1405224088;0;0;POINT(37.400514 55.840591)
300241694;0;0;POINT(37.448574 55.820954)
1003860829;0;0;POINT(37.395823 55.832198)
2006697379;0;0;POINT(37.444181 55.827223)
5928118635;0;0;POINT(37.349661 55.817171)
301852997;0;0;POINT(37.429388 55.849344)
9016682607;0;0;POINT(37.405346 55.831502)
347688299;0;0;POINT(37.387563 55.837161)
9670081778;0;0;POINT(37.439558 55.846234)
1045834852;0;0;POINT(37.359637 55.819118)
1952657728;0;0;POINT(37.328217 55.827302)
1455355317;0;0;POINT(37.420125 55.874127)
1005315429;0;0;POINT(37.399207 55.833691)
60656071;0;0;POINT(37.454152 55.882302)
5257700420;0;0;POINT(37.453731 55.832885)
6085615807;0;0;POINT(37.337945 55.868775)
1003830191;0;0;POINT(37.388705 55.833895)
1049005101;0;0;POINT(37.393307 55.825509)
7994858538;0;0;POINT(37.367943 55.844321)
5256743068;0;0;POINT(37.453994 55.836049)
1988554954;0;0;POINT(37.378092 55.878147)
7210946695;0;0;POINT(37.403753 55.831017)
2419609047;0;0;POINT(37.332607 55.824294)
1828458269;0;0;POINT(37.334701 55.871465)
9325555728;0;0;POINT(37.438239 55.843546)
1416646321;0;0;POINT(37.362719 55.819363)
1868486468;0;0;POINT(37.382741 55.877194)
1960754411;0;0;POINT(37.384051 55.815453)
1003860832;0;0;POINT(37.396118 55.833255)
999306156;0;0;POINT(37.444741 55.882112)
338986468;0;0;POINT(37.417158 55.834411)
416806086;0;0;POINT(37.409570 55.868392)
446140783;0;0;POINT(37.385002 55.815933)
1988554880;0;0;POINT(37.379677 55.877165)
5919991123;0;0;POINT(37.423599 55.826959)
693335779;0;0;POINT(37.456088 55.832746)
1008054399;0;0;POINT(37.435070 55.874599)
305150413;0;0;POINT(37.329237 55.840554)
1049003064;0;0;POINT(37.390826 55.815889)
8081492604;0;0;POINT(37.428793 55.816544)
9113518572;0;0;POINT(37.453271 55.826555)
1451958313;0;0;POINT(37.407942 55.873940)
8299115470;0;0;POINT(37.395285 55.830670)
7966703233;0;0;POINT(37.437990 55.880006)
303617423;0;0;POINT(37.386626 55.837622)
1003562350;0;0;POINT(37.409980 55.869715)
1331089571;0;0;POINT(37.377358 55.844805)
660850864;0;0;POINT(37.332499 55.828319)
1846618008;0;0;POINT(37.387560 55.835617)
1886845388;0;0;POINT(37.334948 55.824894)
8342119795;0;0;POINT(37.404439 55.873623)
5256743038;0;0;POINT(37.453191 55.830193)
7210946696;0;0;POINT(37.405948 55.830563)
3473083271;0;0;POINT(37.374173 55.827759)
919580659;0;0;POINT(37.450664 55.832596)
1386642104;0;0;POINT(37.402426 55.840380)
1421100213;0;0;POINT(37.421972 55.848805)
303588390;0;0;POINT(37.436167 55.828430)
446140800;0;0;POINT(37.382642 55.815296)
672183747;0;0;POINT(37.404681 55.849375)
5065011833;0;0;POINT(37.391399 55.873598)
1949740215;0;0;POINT(37.416465 55.860878)
5048690226;0;0;POINT(37.360993 55.819923)
494151142;0;0;POINT(37.331415 55.820813)
1828733701;0;0;POINT(37.334085 55.872184)
250556966;0;0;POINT(37.451572 55.851909)
1109157202;0;0;POINT(37.394852 55.867092)
9873908861;0;0;POINT(37.428824 55.850249)
6144636833;0;0;POINT(37.395723 55.840469)
3486462505;0;0;POINT(37.347157 55.861013)
673360525;0;0;POINT(37.422897 55.881034)
7207674878;0;0;POINT(37.355671 55.816187)
1049433549;0;0;POINT(37.390319 55.814286)
1273020322;0;0;POINT(37.411184 55.871691)
1519266999;0;0;POINT(37.332885 55.828850)
303588014;0;0;POINT(37.434114 55.827892)
303590416;0;0;POINT(37.450523 55.819400)
5256743074;0;0;POINT(37.451015 55.823058)
248681774;0;0;POINT(37.360950 55.847022)
1409621454;0;0;POINT(37.419688 55.834287)
275103651;0;0;POINT(37.450420 55.822707)
6341342696;0;0;POINT(37.332524 55.874293)
806449906;0;0;POINT(37.366140 55.844384)
1988554950;0;0;POINT(37.379467 55.878074)
444925082;0;0;POINT(37.406339 55.850489)
9660566347;0;0;POINT(37.373407 55.864926)
169020710;0;0;POINT(37.449762 55.819207)
249566801;0;0;POINT(37.378389 55.839437)
500002328;0;0;POINT(37.351382 55.815103)
8980575592;0;0;POINT(37.390923 55.817535)
5243514075;0;0;POINT(37.454305 55.835694)
871019078;0;0;POINT(37.365579 55.815393)
1003855927;0;0;POINT(37.389217 55.851435)
3556341888;0;0;POINT(37.430912 55.825391)
483324134;0;0;POINT(37.420875 55.855471)
5256743075;0;0;POINT(37.454160 55.834982)
7321890915;0;0;POINT(37.436900 55.826339)
1846618346;0;0;POINT(37.370097 55.842561)
300241665;0;0;POINT(37.451180 55.820216)
1045833212;0;0;POINT(37.387925 55.832292)
251485698;0;0;POINT(37.398537 55.851315)
1965517451;0;0;POINT(37.376350 55.874154)
8156027875;0;0;POINT(37.355439 55.843253)
1366856655;0;0;POINT(37.417916 55.848586)
750859223;0;0;POINT(37.447319 55.858611)
2330731645;0;0;POINT(37.342891 55.818689)
617228402;0;0;POINT(37.362094 55.846091)
1003860827;0;0;POINT(37.395978 55.832724)
9071778445;0;0;POINT(37.364117 55.825028)
301853000;0;0;POINT(37.428299 55.849215)
347688288;0;0;POINT(37.387787 55.834711)
443820138;0;0;POINT(37.334473 55.818846)
305119820;0;0;POINT(37.401370 55.831632)
1846618190;0;0;POINT(37.348856 55.840215)
999300829;0;0;POINT(37.459678 55.882864)
688682073;0;0;POINT(37.440047 55.869952)
7425523755;0;0;POINT(37.349686 55.846861)
249689987;0;0;POINT(37.411927 55.835566)
999300868;0;0;POINT(37.440138 55.880399)
1389413436;0;0;POINT(37.406368 55.850936)
600512645;0;0;POINT(37.333931 55.822669)
1003562834;0;0;POINT(37.429690 55.877162)
303609607;0;0;POINT(37.435353 55.824266)
539034378;0;0;POINT(37.434506 55.861785)
248640393;0;0;POINT(37.439041 55.850634)
9577934956;0;0;POINT(37.431052 55.849525)
3311826005;0;0;POINT(37.439986 55.822824)
60571813;0;0;POINT(37.411250 55.884269)
9094388671;0;0;POINT(37.403277 55.848744)
305144282;0;0;POINT(37.350305 55.830158)
1624880774;0;0;POINT(37.361466 55.852596)
1886870754;0;0;POINT(37.408454 55.827239)
1003563057;0;0;POINT(37.426372 55.876107)
918304452;0;0;POINT(37.432880 55.865114)
656434849;0;0;POINT(37.438877 55.841589)
2142566252;0;0;POINT(37.419337 55.862113)
1988555187;0;0;POINT(37.372339 55.880735)
8975544373;0;0;POINT(37.456469 55.818502)
9659146223;0;0;POINT(37.396727 55.868549)
308227473;0;0;POINT(37.453935 55.882957)
999300878;0;0;POINT(37.444225 55.881584)
8259201508;0;0;POINT(37.394749 55.830887)
4075323549;0;0;POINT(37.391768 55.832524)
1085307403;0;0;POINT(37.358432 55.845154)
305144113;0;0;POINT(37.346007 55.839968)
4974239207;0;0;POINT(37.430195 55.823298)
7667734622;0;0;POINT(37.362371 55.852155)
1048918599;0;0;POINT(37.384476 55.815583)
301695446;0;0;POINT(37.407040 55.857124)
347446118;0;0;POINT(37.407862 55.833153)
4278510279;0;0;POINT(37.346368 55.817495)
275102637;0;0;POINT(37.448063 55.820954)
4278506656;0;0;POINT(37.351904 55.816107)
8045034794;0;0;POINT(37.434898 55.820571)
9215032957;0;0;POINT(37.357583 55.832417)
7385165899;0;0;POINT(37.430571 55.818913)
1003783372;0;0;POINT(37.388151 55.833503)
1003830194;0;0;POINT(37.390869 55.833223)
338522883;0;0;POINT(37.439512 55.844728)
1102890151;0;0;POINT(37.396706 55.862505)
1368122441;0;0;POINT(37.405484 55.850162)
3460385632;0;0;POINT(37.458001 55.845152)
250559758;0;0;POINT(37.392806 55.813634)
685122314;0;0;POINT(37.449890 55.851725)
4278506666;0;0;POINT(37.353709 55.816286)
7211730637;0;0;POINT(37.363433 55.813641)
8751224237;0;0;POINT(37.369551 55.826063)
1098001838;0;0;POINT(37.454818 55.818368)
1988555020;0;0;POINT(37.378470 55.879005)
1003819252;0;0;POINT(37.394492 55.832773)
8751224236;0;0;POINT(37.369932 55.825836)
4758756104;0;0;POINT(37.350580 55.831968)
617193952;0;0;POINT(37.378115 55.845104)
301694906;0;0;POINT(37.409250 55.854523)
446140742;0;0;POINT(37.384607 55.816585)
1839219061;0;0;POINT(37.329867 55.874617)
35905114;0;0;POINT(37.451373 55.875832)
3917371525;0;0;POINT(37.444904 55.821519)
303568199;0;0;POINT(37.353369 55.842742)
4153841328;0;0;POINT(37.390649 55.854473)
5256743077;0;0;POINT(37.454054 55.835616)
3706937758;0;0;POINT(37.338815 55.823917)
251651602;0;0;POINT(37.360707 55.860972)
1835360658;0;0;POINT(37.428169 55.882488)
3052006166;0;0;POINT(37.439279 55.820941)
443824963;0;0;POINT(37.341563 55.815807)
7426444873;0;0;POINT(37.345624 55.852699)
1868498687;0;0;POINT(37.363307 55.885360)
2073347981;0;0;POINT(37.435772 55.863604)
4097718129;0;0;POINT(37.379840 55.831182)
297651822;0;0;POINT(37.446042 55.821203)
334437150;0;0;POINT(37.369470 55.848704)
2071678692;0;0;POINT(37.332776 55.816795)
1003819282;0;0;POINT(37.396453 55.836917)
8827248081;0;0;POINT(37.343492 55.818537)
334358958;0;0;POINT(37.454912 55.840786)
9439712164;0;0;POINT(37.443362 55.857299)
673360617;0;0;POINT(37.423541 55.881212)
1098401940;0;0;POINT(37.387472 55.815224)
1003855718;0;0;POINT(37.387832 55.835594)
1596036378;0;0;POINT(37.360490 55.818874)
264182768;0;0;POINT(37.334393 55.825596)
304579435;0;0;POINT(37.406855 55.837999)
500283806;0;0;POINT(37.359770 55.886008)
4075413486;0;0;POINT(37.446664 55.821264)
64610809;0;0;POINT(37.423541 55.878056)
2303996696;0;0;POINT(37.429980 55.829736)
1672372012;0;0;POINT(37.420515 55.833308)
7175455406;0;0;POINT(37.408408 55.814229)
4552270035;0;0;POINT(37.364218 55.818249)
1003855768;0;0;POINT(37.392672 55.833160)
9113518585;0;0;POINT(37.403106 55.849189)
9270637698;0;0;POINT(37.391677 55.865100)
698806178;0;0;POINT(37.415902 55.837919)
249569059;0;0;POINT(37.429104 55.849622)
698806177;0;0;POINT(37.415314 55.837575)
3571945439;0;0;POINT(37.360106 55.830872)
3815670193;0;0;POINT(37.364339 55.844563)
249541476;0;0;POINT(37.354832 55.831254)
1048917669;0;0;POINT(37.383982 55.815178)
3172386959;0;0;POINT(37.355226 55.824080)
1109156061;0;0;POINT(37.398870 55.866337)
442027379;0;0;POINT(37.365108 55.824514)
303570642;0;0;POINT(37.362984 55.862708)
1003562290;0;0;POINT(37.409751 55.869871)
6142570060;0;0;POINT(37.396794 55.833774)
250534052;0;0;POINT(37.386980 55.833540)
698785332;0;0;POINT(37.443413 55.866520)
306232377;0;0;POINT(37.384788 55.843553)
303525913;0;0;POINT(37.365066 55.851346)
248676090;0;0;POINT(37.392748 55.852143)
260328158;0;0;POINT(37.407127 55.828205)
249543988;0;0;POINT(37.407478 55.840006)
8259504032;0;0;POINT(37.394878 55.832313)
253886154;0;0;POINT(37.392572 55.885752)
7425523754;0;0;POINT(37.349844 55.846961)
443824976;0;0;POINT(37.331781 55.816822)
4488552674;0;0;POINT(37.347611 55.861336)
269170110;0;0;POINT(37.361235 55.847196)
248676078;0;0;POINT(37.390492 55.851327)
303609239;0;0;POINT(37.411778 55.829373)
2092771245;0;0;POINT(37.420255 55.883237)
1833035082;0;0;POINT(37.427677 55.876892)
3153392712;0;0;POINT(37.341052 55.818630)
1868486517;0;0;POINT(37.389205 55.881387)
8383152167;0;0;POINT(37.433025 55.817015)
1049004433;0;0;POINT(37.393059 55.828594)
9105235298;0;0;POINT(37.437484 55.851198)
8044993461;0;0;POINT(37.433118 55.817997)
336207175;0;0;POINT(37.456448 55.834597)
1003562587;0;0;POINT(37.416582 55.872674)
999306158;0;0;POINT(37.445446 55.881130)
1049004693;0;0;POINT(37.393300 55.823742)
5928118645;0;0;POINT(37.347393 55.817198)
9116222313;0;0;POINT(37.406437 55.857565)
483324141;0;0;POINT(37.421414 55.853901)
416806184;0;0;POINT(37.405870 55.882316)
3748867009;0;0;POINT(37.398756 55.865884)
3939364475;0;0;POINT(37.413147 55.861874)
921239577;0;0;POINT(37.389142 55.863436)
999294902;0;0;POINT(37.445486 55.885012)
3556341886;0;0;POINT(37.428781 55.825605)
972117293;0;0;POINT(37.357203 55.855204)
1976307509;0;0;POINT(37.415340 55.883672)
9288275379;0;0;POINT(37.443755 55.857429)
9654009961;0;0;POINT(37.351872 55.843498)
1363015336;0;0;POINT(37.443048 55.825687)
4466374059;0;0;POINT(37.446315 55.845799)
1346563699;0;0;POINT(37.419010 55.837102)
3827621093;0;0;POINT(37.351676 55.840812)
595344483;0;0;POINT(37.436824 55.860629)
6994425544;0;0;POINT(37.441850 55.827758)
1045832694;0;0;POINT(37.374275 55.829497)
9724565580;0;0;POINT(37.434376 55.882953)
35905121;0;0;POINT(37.453390 55.875233)
249569052;0;0;POINT(37.423999 55.849072)
305150361;0;0;POINT(37.330423 55.836701)
3297345073;0;0;POINT(37.328656 55.818984)
2691336138;0;0;POINT(37.333538 55.823161)
250556638;0;0;POINT(37.445341 55.849948)
976570165;0;0;POINT(37.452661 55.814981)
9674414140;0;0;POINT(37.332295 55.816809)
1828741359;0;0;POINT(37.331217 55.874885)
7994858568;0;0;POINT(37.368715 55.844988)
248676094;0;0;POINT(37.392146 55.852239)
4404233515;0;0;POINT(37.449882 55.826771)
9288275380;0;0;POINT(37.438958 55.855847)
267375558;0;0;POINT(37.447386 55.865901)
307715325;0;0;POINT(37.354010 55.810278)
4278510448;0;0;POINT(37.360641 55.819498)
610519178;0;0;POINT(37.404961 55.816671)
347446117;0;0;POINT(37.408409 55.833480)
1988555082;0;0;POINT(37.373929 55.879917)
961545627;0;0;POINT(37.411011 55.856174)
660850868;0;0;POINT(37.332484 55.828561)
1048916945;0;0;POINT(37.384919 55.815720)
5162963410;0;0;POINT(37.361583 55.822291)
5254451043;0;0;POINT(37.364730 55.824804)
1003562783;0;0;POINT(37.436694 55.879318)
6597521282;0;0;POINT(37.371853 55.864128)
253178887;0;0;POINT(37.437660 55.827116)
249542326;0;0;POINT(37.380607 55.837544)
5255987703;0;0;POINT(37.397638 55.866438)
1048918505;0;0;POINT(37.385003 55.816423)
303546178;0;0;POINT(37.379269 55.845721)
251781682;0;0;POINT(37.360147 55.833423)
1454657501;0;0;POINT(37.405111 55.880016)
8416856758;0;0;POINT(37.424216 55.821821)
483344869;0;0;POINT(37.454473 55.849309)
602439581;0;0;POINT(37.344862 55.812824)
249486195;0;0;POINT(37.415774 55.837846)
60656073;0;0;POINT(37.452318 55.885471)
9270637699;0;0;POINT(37.391812 55.865038)
610862151;0;0;POINT(37.441033 55.885022)
1453654864;0;0;POINT(37.446697 55.880808)
9113518564;0;0;POINT(37.455757 55.831172)
9709200342;0;0;POINT(37.454025 55.835863)
777378185;0;0;POINT(37.424696 55.864050)
248787566;0;0;POINT(37.440587 55.849438)
1632448351;0;0;POINT(37.349187 55.858601)
4278506672;0;0;POINT(37.351094 55.816236)
248787358;0;0;POINT(37.443093 55.850988)
7667734631;0;0;POINT(37.361075 55.852792)
336207233;0;0;POINT(37.456531 55.832949)
999300955;0;0;POINT(37.440671 55.880337)
1854500278;0;0;POINT(37.450930 55.876262)
1842914636;0;0;POINT(37.430908 55.854094)
338986283;0;0;POINT(37.415707 55.831722)
1879284678;0;0;POINT(37.359416 55.879266)
269170087;0;0;POINT(37.361216 55.846888)
489590993;0;0;POINT(37.439907 55.851428)
7175455455;0;0;POINT(37.405092 55.816578)
2384960340;0;0;POINT(37.448901 55.877947)
267375695;0;0;POINT(37.453100 55.847486)
942548654;0;0;POINT(37.446444 55.828081)
1099065028;0;0;POINT(37.342536 55.814903)
1798596624;0;0;POINT(37.384448 55.847532)
2334836784;0;0;POINT(37.341028 55.816596)
1273020251;0;0;POINT(37.411013 55.871602)
1949371381;0;0;POINT(37.332375 55.828101)
251781920;0;0;POINT(37.350921 55.828242)
311844928;0;0;POINT(37.438585 55.855726)
9288275318;0;0;POINT(37.439807 55.851788)
6597521100;0;0;POINT(37.373753 55.864925)
2304003359;0;0;POINT(37.428845 55.832025)
248442766;0;0;POINT(37.347692 55.845609)
3556341843;0;0;POINT(37.444531 55.821434)
8827248076;0;0;POINT(37.342700 55.818563)
253731332;0;0;POINT(37.409378 55.884227)
2092771091;0;0;POINT(37.425992 55.882483)
5226406489;0;0;POINT(37.366608 55.860906)
253735401;0;0;POINT(37.425113 55.877969)
301694880;0;0;POINT(37.419998 55.857957)
5265504305;0;0;POINT(37.458206 55.829580)
1845474349;0;0;POINT(37.341571 55.824130)
2334831058;0;0;POINT(37.341060 55.817525)
3486462532;0;0;POINT(37.347866 55.861233)
60655481;0;0;POINT(37.431082 55.875795)
1099731682;0;0;POINT(37.354880 55.815941)
9099161552;0;0;POINT(37.434455 55.814544)
249378501;0;0;POINT(37.406128 55.832062)
6743506320;0;0;POINT(37.428021 55.819750)
1965517334;0;0;POINT(37.373717 55.871815)
249562925;0;0;POINT(37.388875 55.832559)
6155610076;0;0;POINT(37.352824 55.816817)
971289997;0;0;POINT(37.385924 55.840538)
303615492;0;0;POINT(37.388028 55.837185)
3297345076;0;0;POINT(37.329300 55.819038)
307716329;0;0;POINT(37.347532 55.811924)
4278510217;0;0;POINT(37.348781 55.816987)
1845474286;0;0;POINT(37.338837 55.821972)
1868486451;0;0;POINT(37.378042 55.876362)
297848807;0;0;POINT(37.453904 55.819018)
1003562314;0;0;POINT(37.403590 55.865817)
9674414139;0;0;POINT(37.333432 55.816774)
655197433;0;0;POINT(37.375821 55.840297)
6739152815;0;0;POINT(37.383913 55.829310)
249566869;0;0;POINT(37.382767 55.842113)
3513622741;0;0;POINT(37.366116 55.826586)
8133872450;0;0;POINT(37.396747 55.832100)
347447448;0;0;POINT(37.407254 55.832785)
690976185;0;0;POINT(37.399069 55.833833)
1453494331;0;0;POINT(37.449056 55.861022)
1295727605;0;0;POINT(37.364853 55.830522)
7425523751;0;0;POINT(37.347934 55.845761)
249543508;0;0;POINT(37.404653 55.841877)
890001762;0;0;POINT(37.427955 55.855208)
8416859194;0;0;POINT(37.427229 55.819772)
1330965715;0;0;POINT(37.403672 55.844186)
2384960334;0;0;POINT(37.444826 55.877896)
2279541632;0;0;POINT(37.344164 55.821196)
7966703231;0;0;POINT(37.438718 55.879952)
3153392713;0;0;POINT(37.340678 55.818641)
169021268;0;0;POINT(37.451498 55.819290)
4488552780;0;0;POINT(37.336627 55.869759)
1162555045;0;0;POINT(37.350874 55.843999)
2073527510;0;0;POINT(37.349225 55.816313)
1669880668;0;0;POINT(37.446066 55.881088)
7700609344;0;0;POINT(37.351808 55.837540)
7135744160;0;0;POINT(37.364199 55.824799)
248683232;0;0;POINT(37.349034 55.840241)
9103549414;0;0;POINT(37.426001 55.858174)
9363809814;0;0;POINT(37.416928 55.821812)
253315553;0;0;POINT(37.447452 55.832792)
971910344;0;0;POINT(37.348564 55.858901)
972117206;0;0;POINT(37.357849 55.854370)
1848934228;0;0;POINT(37.428200 55.878754)
249544023;0;0;POINT(37.405876 55.836911)
311973037;0;0;POINT(37.439598 55.850680)
2077872462;0;0;POINT(37.374515 55.824262)
249544760;0;0;POINT(37.405451 55.832461)
921240666;0;0;POINT(37.384689 55.862057)
506218035;0;0;POINT(37.373274 55.817999)
1837877267;0;0;POINT(37.395295 55.828235)
6597521324;0;0;POINT(37.367198 55.865703)
443824964;0;0;POINT(37.341373 55.815943)
3292155564;0;0;POINT(37.329586 55.817683)
303587873;0;0;POINT(37.431449 55.825259)
1453665945;0;0;POINT(37.413257 55.871060)
252614027;0;0;POINT(37.426504 55.882628)
3556341859;0;0;POINT(37.438980 55.823071)
2497222955;0;0;POINT(37.394045 55.874162)
249567677;0;0;POINT(37.396278 55.832673)
655197574;0;0;POINT(37.382919 55.847476)
1331033614;0;0;POINT(37.349606 55.859419)
1003562527;0;0;POINT(37.424717 55.875580)
1200258765;0;0;POINT(37.332588 55.828302)
3495423301;0;0;POINT(37.385555 55.821808)
1868486460;0;0;POINT(37.376112 55.876974)
617193923;0;0;POINT(37.368175 55.849974)
303546133;0;0;POINT(37.379773 55.845977)
446140757;0;0;POINT(37.388904 55.815148)
7321890909;0;0;POINT(37.436313 55.825429)
60564793;0;0;POINT(37.460662 55.870605)
655272557;0;0;POINT(37.364626 55.830112)
1003562817;0;0;POINT(37.431400 55.877440)
1098665932;0;0;POINT(37.326985 55.832268)
249569400;0;0;POINT(37.413366 55.836413)
2079186983;0;0;POINT(37.344414 55.812831)
248682417;0;0;POINT(37.352639 55.852963)
9426362424;0;0;POINT(37.402236 55.842843)
336207277;0;0;POINT(37.456476 55.832720)
3748869547;0;0;POINT(37.398203 55.866152)
981287813;0;0;POINT(37.351335 55.852916)
4278510445;0;0;POINT(37.359991 55.818875)
6048405427;0;0;POINT(37.433326 55.822530)
7385165903;0;0;POINT(37.427874 55.819600)
3556341889;0;0;POINT(37.428885 55.825739)
303615221;0;0;POINT(37.388047 55.836867)
1438430076;0;0;POINT(37.375095 55.823806)
603229662;0;0;POINT(37.434097 55.863206)
1389904918;0;0;POINT(37.414633 55.840130)
3891886030;0;0;POINT(37.359973 55.846104)
303584586;0;0;POINT(37.406026 55.830674)
1295727524;0;0;POINT(37.374421 55.829076)
7511303447;0;0;POINT(37.439402 55.844188)
248442762;0;0;POINT(37.354088 55.842390)
1028987292;0;0;POINT(37.341587 55.830838)
1848944117;0;0;POINT(37.428570 55.883321)
6736981993;0;0;POINT(37.385595 55.849272)
1109157025;0;0;POINT(37.396063 55.867363)
1988554807;0;0;POINT(37.377686 55.876429)
3835040505;0;0;POINT(37.372131 55.847380)
1852863433;0;0;POINT(37.459821 55.843269)
8949654745;0;0;POINT(37.390103 55.854746)
1438430069;0;0;POINT(37.371648 55.822403)
7771224925;0;0;POINT(37.438382 55.839300)
500036112;0;0;POINT(37.326030 55.834197)
303548616;0;0;POINT(37.384443 55.861183)
690976134;0;0;POINT(37.398499 55.833759)
6144636787;0;0;POINT(37.395216 55.833712)
4488552740;0;0;POINT(37.341939 55.866161)
6144636788;0;0;POINT(37.395369 55.834440)
249689984;0;0;POINT(37.408702 55.835757)
443824928;0;0;POINT(37.337201 55.823503)
8980575591;0;0;POINT(37.388746 55.810666)
2048523425;0;0;POINT(37.337978 55.816667)
1672372026;0;0;POINT(37.417594 55.833460)
1695016403;0;0;POINT(37.386762 55.836938)
9113279932;0;0;POINT(37.458760 55.843651)
3495423515;0;0;POINT(37.385444 55.829164)
3597407128;0;0;POINT(37.356893 55.822022)
249690902;0;0;POINT(37.371393 55.841488)
1045833311;0;0;POINT(37.383146 55.831828)
253316696;0;0;POINT(37.461567 55.834254)
1969704581;0;0;POINT(37.404294 55.817138)
347447440;0;0;POINT(37.405448 55.831685)
9025398740;0;0;POINT(37.420674 55.861109)
253311576;0;0;POINT(37.411152 55.884105)
1288826270;0;0;POINT(37.427632 55.823941)
2351417747;0;0;POINT(37.330135 55.815020)
7425523756;0;0;POINT(37.349411 55.846689)
307926935;0;0;POINT(37.364147 55.830547)
2460213628;0;0;POINT(37.444776 55.882084)
249543461;0;0;POINT(37.403583 55.842709)
1828458287;0;0;POINT(37.332319 55.874154)
443824958;0;0;POINT(37.340933 55.818236)
1981065854;0;0;POINT(37.334460 55.822009)
9051031626;0;0;POINT(37.374172 55.827628)
169020703;0;0;POINT(37.448732 55.820048)
248763341;0;0;POINT(37.439282 55.843482)
1846618372;0;0;POINT(37.352566 55.843144)
1162555625;0;0;POINT(37.355636 55.843672)
1999826181;0;0;POINT(37.327895 55.841005)
249568924;0;0;POINT(37.439130 55.850383)
682213135;0;0;POINT(37.386847 55.836339)
8267123073;0;0;POINT(37.393685 55.833490)
370757634;0;0;POINT(37.334835 55.821542)
7021617190;0;0;POINT(37.362831 55.823566)
8738859109;0;0;POINT(37.427038 55.819539)
9753631973;0;0;POINT(37.437376 55.859090)
1003819526;0;0;POINT(37.390688 55.850114)
2048759519;0;0;POINT(37.342672 55.818386)
249541483;0;0;POINT(37.349768 55.834294)
483324095;0;0;POINT(37.420344 55.857031)
269170111;0;0;POINT(37.362140 55.847744)
9103549416;0;0;POINT(37.426780 55.858152)
304179120;0;0;POINT(37.420057 55.860165)
999301030;0;0;POINT(37.459685 55.882584)
4278510396;0;0;POINT(37.345067 55.817872)
1451958321;0;0;POINT(37.404512 55.876585)
1045834434;0;0;POINT(37.354987 55.817463)
2384966588;0;0;POINT(37.449040 55.878183)
7163640806;0;0;POINT(37.345576 55.839852)
921239584;0;0;POINT(37.391958 55.865133)
7222226624;0;0;POINT(37.342833 55.839461)
269167423;0;0;POINT(37.400499 55.831802)
9256468274;0;0;POINT(37.431682 55.815873)
2077341627;0;0;POINT(37.450932 55.877343)
9113279952;0;0;POINT(37.457890 55.845580)
8083531513;0;0;POINT(37.428854 55.819351)
999326308;0;0;POINT(37.441905 55.883961)
4278510242;0;0;POINT(37.356856 55.817048)
4278506680;0;0;POINT(37.354591 55.816418)
718846370;0;0;POINT(37.367287 55.843848)
7485944393;0;0;POINT(37.443027 55.842030)
416806100;0;0;POINT(37.408170 55.873601)
450592787;0;0;POINT(37.427547 55.825894)
6597521325;0;0;POINT(37.368444 55.865205)
9088335527;0;0;POINT(37.457599 55.818011)
249567060;0;0;POINT(37.389563 55.833935)
4488552729;0;0;POINT(37.343241 55.865282)
1128011912;0;0;POINT(37.418973 55.879956)
248543388;0;0;POINT(37.360476 55.846724)
303611114;0;0;POINT(37.447295 55.820303)
305145469;0;0;POINT(37.353369 55.817964)
1828458278;0;0;POINT(37.332971 55.873910)
1987381132;0;0;POINT(37.337016 55.823738)
1003819310;0;0;POINT(37.391807 55.845476)
1954799507;0;0;POINT(37.351415 55.815385)
416806097;0;0;POINT(37.412931 55.871653)
6144636848;0;0;POINT(37.396569 55.833913)
248763175;0;0;POINT(37.436512 55.856033)
9385483433;0;0;POINT(37.444175 55.837143)
1162084937;0;0;POINT(37.409935 55.884180)
8108793769;0;0;POINT(37.357898 55.863717)
1077541630;0;0;POINT(37.358434 55.845435)
1077541740;0;0;POINT(37.358683 55.845317)
8342119782;0;0;POINT(37.395488 55.867712)
2344725463;0;0;POINT(37.367263 55.850265)
1003562181;0;0;POINT(37.400242 55.862697)
4944174293;0;0;POINT(37.357735 55.814360)
8044993462;0;0;POINT(37.430972 55.819440)
929514413;0;0;POINT(37.389635 55.831040)
999300787;0;0;POINT(37.448286 55.879189)
1048918233;0;0;POINT(37.387901 55.814987)
2334836785;0;0;POINT(37.341033 55.816871)
6489987402;0;0;POINT(37.396419 55.832266)
409482625;0;0;POINT(37.423077 55.851654)
5065011911;0;0;POINT(37.392773 55.876029)
9749109633;0;0;POINT(37.437157 55.859731)
1451971110;0;0;POINT(37.411785 55.869494)
450592788;0;0;POINT(37.434750 55.823991)
1048917978;0;0;POINT(37.392815 55.825144)
416806144;0;0;POINT(37.402933 55.884810)
9099161549;0;0;POINT(37.431765 55.828440)
336207232;0;0;POINT(37.456125 55.832971)
248543065;0;0;POINT(37.353801 55.842526)
267375557;0;0;POINT(37.447119 55.866763)
685163577;0;0;POINT(37.404927 55.850475)
248640376;0;0;POINT(37.420105 55.848856)
1346563697;0;0;POINT(37.418312 55.836977)
336207236;0;0;POINT(37.455554 55.830052)
248781182;0;0;POINT(37.345901 55.869506)
8044993460;0;0;POINT(37.430406 55.818682)
1045708007;0;0;POINT(37.356766 55.817698)
303590414;0;0;POINT(37.450245 55.819002)
8342119793;0;0;POINT(37.401890 55.871945)
1988555024;0;0;POINT(37.374182 55.879011)
7426482343;0;0;POINT(37.347086 55.852755)
1109156049;0;0;POINT(37.399387 55.866605)
1868486508;0;0;POINT(37.372205 55.879479)
3495423299;0;0;POINT(37.385600 55.821676)
999300896;0;0;POINT(37.453304 55.882755)
999326319;0;0;POINT(37.445530 55.881559)
1965517506;0;0;POINT(37.375408 55.875488)
4278510417;0;0;POINT(37.358858 55.818061)
954660869;0;0;POINT(37.421001 55.858265)
2443999558;0;0;POINT(37.385913 55.834904)
3824284760;0;0;POINT(37.447768 55.862942)
7425523750;0;0;POINT(37.348644 55.846207)
483324090;0;0;POINT(37.434069 55.863288)
248789703;0;0;POINT(37.420468 55.844506)
248763330;0;0;POINT(37.439364 55.851381)
300241667;0;0;POINT(37.450265 55.820937)
7385165905;0;0;POINT(37.428151 55.819530)
9294430309;0;0;POINT(37.418558 55.834352)
8311547252;0;0;POINT(37.404806 55.830570)
319702908;0;0;POINT(37.452844 55.828484)
248452654;0;0;POINT(37.354838 55.850038)
1252103794;0;0;POINT(37.341543 55.817896)
1988555079;0;0;POINT(37.377052 55.879788)
618556206;0;0;POINT(37.350524 55.816122)
1954765768;0;0;POINT(37.332948 55.827388)
297651828;0;0;POINT(37.457392 55.817896)
300241661;0;0;POINT(37.452006 55.819988)
1846618297;0;0;POINT(37.347909 55.841218)
442027417;0;0;POINT(37.371646 55.828856)
1045906197;0;0;POINT(37.352218 55.817700)
7994858540;0;0;POINT(37.369869 55.845850)
4974239193;0;0;POINT(37.431215 55.815223)
303591686;0;0;POINT(37.459752 55.817340)
7700609346;0;0;POINT(37.349936 55.834560)
303548715;0;0;POINT(37.385591 55.862324)
9338698742;0;0;POINT(37.437797 55.844848)
7425523753;0;0;POINT(37.350061 55.847097)
250557097;0;0;POINT(37.446769 55.865831)
249082844;0;0;POINT(37.441064 55.871473)
253731331;0;0;POINT(37.409696 55.884417)
267375060;0;0;POINT(37.439483 55.872468)
6144636723;0;0;POINT(37.401470 55.831377)
1828717175;0;0;POINT(37.328036 55.876799)
4278510202;0;0;POINT(37.353078 55.816816)
4278510256;0;0;POINT(37.348519 55.817256)
1654070038;0;0;POINT(37.326752 55.872117)
9807346659;0;0;POINT(37.391922 55.861735)
697803074;0;0;POINT(37.390915 55.834361)
2624631740;0;0;POINT(37.353902 55.814451)
272771236;0;0;POINT(37.363378 55.823549)
7992692038;0;0;POINT(37.374053 55.844671)
656434903;0;0;POINT(37.431547 55.841464)
1049004230;0;0;POINT(37.391479 55.819294)
248762779;0;0;POINT(37.410465 55.855842)
2330731599;0;0;POINT(37.348193 55.818317)
269170956;0;0;POINT(37.351021 55.831892)
1451958301;0;0;POINT(37.408326 55.873686)
7994858569;0;0;POINT(37.368942 55.845185)
7425523762;0;0;POINT(37.351325 55.847891)
9674414141;0;0;POINT(37.329223 55.817834)
999326275;0;0;POINT(37.437869 55.879463)
1803098663;0;0;POINT(37.441987 55.837307)
249544417;0;0;POINT(37.405419 55.835953)
9288275317;0;0;POINT(37.439288 55.853348)
249543452;0;0;POINT(37.403638 55.847695)
898920378;0;0;POINT(37.454452 55.874249)
409484707;0;0;POINT(37.422283 55.853989)
8044993482;0;0;POINT(37.425502 55.816794)
1451971158;0;0;POINT(37.409525 55.868482)
4463589991;0;0;POINT(37.442464 55.837269)
267375059;0;0;POINT(37.440966 55.871533)
675669568;0;0;POINT(37.450860 55.822693)
35905119;0;0;POINT(37.452718 55.874954)
8342119784;0;0;POINT(37.391823 55.865199)
2410381300;0;0;POINT(37.336133 55.824830)
99952915;0;0;POINT(37.429228 55.876407)
6142570057;0;0;POINT(37.395399 55.833995)
7385165763;0;0;POINT(37.430285 55.822398)
7994858539;0;0;POINT(37.370274 55.846125)
269165294;0;0;POINT(37.420106 55.880264)
9807346658;0;0;POINT(37.390116 55.861904)
4414654012;0;0;POINT(37.430500 55.829524)
7648859472;0;0;POINT(37.423791 55.826642)
1885291388;0;0;POINT(37.346173 55.870000)
664154792;0;0;POINT(37.412132 55.883943)
2419609067;0;0;POINT(37.332417 55.824523)
8259504030;0;0;POINT(37.395043 55.834047)
9441856657;0;0;POINT(37.437831 55.837653)
443824970;0;0;POINT(37.341994 55.818594)
2160704856;0;0;POINT(37.365085 55.864068)
5787265732;0;0;POINT(37.388035 55.837151)
610390583;0;0;POINT(37.447599 55.885971)
64610790;0;0;POINT(37.430947 55.875678)
1102891468;0;0;POINT(37.396421 55.862690)
1045906240;0;0;POINT(37.351110 55.817920)
1003562447;0;0;POINT(37.402928 55.864913)
1003830202;0;0;POINT(37.396879 55.832187)
1003819353;0;0;POINT(37.394010 55.841693)
1455330148;0;0;POINT(37.409029 55.872977)
617576756;0;0;POINT(37.413797 55.857322)
7966703224;0;0;POINT(37.437750 55.879650)
3793488562;0;0;POINT(37.364414 55.818463)
1109157087;0;0;POINT(37.395594 55.867109)
971289721;0;0;POINT(37.386006 55.840925)
890589707;0;0;POINT(37.460788 55.868802)
6144636794;0;0;POINT(37.395479 55.836630)
9051031629;0;0;POINT(37.374191 55.827305)
1845474279;0;0;POINT(37.343005 55.822028)
249668387;0;0;POINT(37.399151 55.833783)
250383384;0;0;POINT(37.387090 55.836368)
1003855973;0;0;POINT(37.390256 55.851586)
443824959;0;0;POINT(37.341035 55.815863)
311834672;0;0;POINT(37.433180 55.846653)
1853957534;0;0;POINT(37.451660 55.880542)
2330731647;0;0;POINT(37.342306 55.818700)
447774973;0;0;POINT(37.454767 55.826460)
3818500610;0;0;POINT(37.365376 55.844172)
303525911;0;0;POINT(37.365123 55.850835)
347962521;0;0;POINT(37.418118 55.827913)
2344725461;0;0;POINT(37.380002 55.846088)
1636147856;0;0;POINT(37.329836 55.836255)
483324137;0;0;POINT(37.421106 55.857986)
1003562789;0;0;POINT(37.436867 55.879146)
6144636850;0;0;POINT(37.396410 55.833208)
1746293540;0;0;POINT(37.442289 55.849622)
300241660;0;0;POINT(37.457512 55.818159)
7621784020;0;0;POINT(37.403678 55.830902)
9105235290;0;0;POINT(37.439501 55.849341)
3748869638;0;0;POINT(37.400708 55.865125)
8044674125;0;0;POINT(37.433020 55.817840)
8404064565;0;0;POINT(37.440224 55.884633)
1451958232;0;0;POINT(37.404315 55.886994)
6991098699;0;0;POINT(37.427082 55.826232)
35904912;0;0;POINT(37.458071 55.871016)
1604549062;0;0;POINT(37.409105 55.871857)
249265070;0;0;POINT(37.356646 55.822237)
704344115;0;0;POINT(37.439251 55.843342)
5256743024;0;0;POINT(37.452631 55.828497)
630743722;0;0;POINT(37.346716 55.846097)
4968686564;0;0;POINT(37.371685 55.841946)
9325555730;0;0;POINT(37.440379 55.843417)
7771224924;0;0;POINT(37.438328 55.839000)
610433423;0;0;POINT(37.449742 55.882907)
2092771220;0;0;POINT(37.420306 55.883233)
8342119794;0;0;POINT(37.402172 55.872131)
249569051;0;0;POINT(37.423772 55.849695)
1049004535;0;0;POINT(37.393093 55.824528)
2922652745;0;0;POINT(37.455883 55.831838)
5928118667;0;0;POINT(37.343040 55.816017)
5256743032;0;0;POINT(37.453151 55.830006)
416806135;0;0;POINT(37.405822 55.875193)
1331033672;0;0;POINT(37.355234 55.855672)
308321027;0;0;POINT(37.337081 55.816685)
3876623696;0;0;POINT(37.397819 55.835434)
1388699681;0;0;POINT(37.421029 55.855015)
638903807;0;0;POINT(37.406291 55.815724)
431734829;0;0;POINT(37.458813 55.871339)
1388969685;0;0;POINT(37.407764 55.856841)
249689782;0;0;POINT(37.404969 55.839187)
303588385;0;0;POINT(37.431117 55.829386)
9593865261;0;0;POINT(37.381897 55.836988)
1000976986;0;0;POINT(37.449105 55.859050)
308321004;0;0;POINT(37.328835 55.817997)
617193922;0;0;POINT(37.368150 55.849988)
2134692245;0;0;POINT(37.430784 55.844809)
249569342;0;0;POINT(37.414091 55.836298)
3441039643;0;0;POINT(37.355522 55.817510)
1565135025;0;0;POINT(37.391984 55.813938)
4465282361;0;0;POINT(37.434163 55.843785)
303548712;0;0;POINT(37.392339 55.860484)
264529653;0;0;POINT(37.388161 55.812697)
9051031628;0;0;POINT(37.374072 55.827302)
3858548172;0;0;POINT(37.355173 55.843386)
301695797;0;0;POINT(37.417453 55.858003)
4928649530;0;0;POINT(37.458333 55.871041)
272771552;0;0;POINT(37.363908 55.818499)
248789704;0;0;POINT(37.420306 55.845155)
1045707206;0;0;POINT(37.353463 55.817985)
1846618329;0;0;POINT(37.355256 55.841809)
1003819344;0;0;POINT(37.395748 55.836903)
1604549061;0;0;POINT(37.410241 55.871205)
1597327435;0;0;POINT(37.361895 55.822226)
1048918391;0;0;POINT(37.385940 55.815228)
249544511;0;0;POINT(37.406642 55.832388)
4853481680;0;0;POINT(37.366649 55.860931)
5066392438;0;0;POINT(37.392829 55.877193)
303585576;0;0;POINT(37.421784 55.827339)
249544774;0;0;POINT(37.405220 55.832657)
7426444872;0;0;POINT(37.346587 55.852736)
4002055837;0;0;POINT(37.454092 55.874098)
264182771;0;0;POINT(37.335312 55.825834)
2593512413;0;0;POINT(37.454831 55.840437)
1003819318;0;0;POINT(37.391826 55.848237)
8416856757;0;0;POINT(37.424160 55.823555)
249544584;0;0;POINT(37.405897 55.832905)
1003783345;0;0;POINT(37.390203 55.832754)
4278510270;0;0;POINT(37.351111 55.817475)
709004058;0;0;POINT(37.454399 55.845462)
1370549772;0;0;POINT(37.432321 55.843891)
3970645046;0;0;POINT(37.341032 55.816406)
668211123;0;0;POINT(37.342650 55.814667)
9654009960;0;0;POINT(37.349337 55.844773)
303552299;0;0;POINT(37.428630 55.883239)
747718658;0;0;POINT(37.434197 55.882895)
999300945;0;0;POINT(37.444701 55.881392)
275104477;0;0;POINT(37.428631 55.828017)
699624574;0;0;POINT(37.424002 55.837509)
253316551;0;0;POINT(37.446958 55.830368)
303617923;0;0;POINT(37.378995 55.845580)
248677213;0;0;POINT(37.419938 55.880218)
2048621403;0;0;POINT(37.341292 55.815950)
442029063;0;0;POINT(37.371101 55.822169)
1426523237;0;0;POINT(37.381775 55.837220)
3153433970;0;0;POINT(37.336275 55.818869)
617193901;0;0;POINT(37.350281 55.858871)
8984279921;0;0;POINT(37.328524 55.835638)
8959423704;0;0;POINT(37.351339 55.836795)
8193237404;0;0;POINT(37.413850 55.857260)
4465282297;0;0;POINT(37.439146 55.842949)
2343015284;0;0;POINT(37.395843 55.867767)
3917371548;0;0;POINT(37.435334 55.823492)
4466374094;0;0;POINT(37.446043 55.847904)
684544920;0;0;POINT(37.392696 55.824982)
303543348;0;0;POINT(37.350545 55.857947)
251651693;0;0;POINT(37.376522 55.839678)
682213177;0;0;POINT(37.385274 55.835485)
961570262;0;0;POINT(37.422216 55.862569)
926163261;0;0;POINT(37.403349 55.850483)
1342478714;0;0;POINT(37.420482 55.860828)
2171565719;0;0;POINT(37.387768 55.838356)
276748250;0;0;POINT(37.324472 55.861088)
758290448;0;0;POINT(37.426121 55.882665)
1392454526;0;0;POINT(37.424407 55.845078)
556754540;0;0;POINT(37.328825 55.829036)
1126536685;0;0;POINT(37.445337 55.843488)
347453957;0;0;POINT(37.390948 55.834200)
3153392715;0;0;POINT(37.340235 55.818657)
5256743057;0;0;POINT(37.453636 55.832415)
248677124;0;0;POINT(37.392659 55.852911)
275103657;0;0;POINT(37.449327 55.821085)
1200258586;0;0;POINT(37.332731 55.828573)
898921170;0;0;POINT(37.459690 55.870439)
630746690;0;0;POINT(37.341308 55.838900)
2460213623;0;0;POINT(37.445479 55.881104)
1803657196;0;0;POINT(37.405130 55.834252)
1965517563;0;0;POINT(37.375422 55.876719)
1828597867;0;0;POINT(37.332592 55.873989)
7425523759;0;0;POINT(37.352828 55.848836)
1003561948;0;0;POINT(37.392635 55.850052)
9270637565;0;0;POINT(37.388217 55.864705)
7621784021;0;0;POINT(37.405869 55.830441)
5861369950;0;0;POINT(37.373756 55.841140)
6802180423;0;0;POINT(37.379294 55.843869)
303571508;0;0;POINT(37.363964 55.863363)
1143404206;0;0;POINT(37.434436 55.863317)
336035253;0;0;POINT(37.348420 55.827362)
2160704853;0;0;POINT(37.364584 55.863792)
1839024089;0;0;POINT(37.343736 55.860465)
416806105;0;0;POINT(37.411617 55.869580)
586998727;0;0;POINT(37.448453 55.862838)
1295727514;0;0;POINT(37.364987 55.830345)
249542316;0;0;POINT(37.387926 55.833991)
8045034786;0;0;POINT(37.434016 55.819307)
999300924;0;0;POINT(37.453100 55.882468)
1227838188;0;0;POINT(37.447891 55.832765)
169020698;0;0;POINT(37.450608 55.822731)
303552809;0;0;POINT(37.435406 55.883288)
2274233214;0;0;POINT(37.379738 55.837704)
3495423298;0;0;POINT(37.385546 55.821524)
6031365134;0;0;POINT(37.344241 55.818513)
267375295;0;0;POINT(37.437297 55.865921)
3917371562;0;0;POINT(37.435908 55.823696)
1426523233;0;0;POINT(37.382693 55.836605)
5256743046;0;0;POINT(37.453549 55.831972)
630782270;0;0;POINT(37.338510 55.847087)
1109553524;0;0;POINT(37.407049 55.870699)
248676086;0;0;POINT(37.392525 55.851388)
8012827691;0;0;POINT(37.396750 55.835173)
8303133876;0;0;POINT(37.425769 55.816716)
975223245;0;0;POINT(37.461561 55.817305)
304403662;0;0;POINT(37.424628 55.844313)
5256743079;0;0;POINT(37.452233 55.826624)
248787418;0;0;POINT(37.452602 55.850734)
672183750;0;0;POINT(37.405690 55.850296)
5065011615;0;0;POINT(37.399377 55.873134)
7385165904;0;0;POINT(37.430332 55.818975)
9790648523;0;0;POINT(37.426013 55.849156)
8984279923;0;0;POINT(37.372394 55.816955)
370759573;0;0;POINT(37.330216 55.830445)
4116181535;0;0;POINT(37.409007 55.854573)
4582300695;0;0;POINT(37.439177 55.851939)
1003855728;0;0;POINT(37.388166 55.832400)
4488552697;0;0;POINT(37.346032 55.863145)
999306157;0;0;POINT(37.444377 55.881993)
338986311;0;0;POINT(37.423341 55.833109)
249542024;0;0;POINT(37.392718 55.834478)
1842908247;0;0;POINT(37.431277 55.852950)
8012827695;0;0;POINT(37.395989 55.831674)
4278506657;0;0;POINT(37.353763 55.816106)
5155343424;0;0;POINT(37.413782 55.861891)
3773086790;0;0;POINT(37.358677 55.820466)
252614028;0;0;POINT(37.419510 55.880652)
3970645047;0;0;POINT(37.340904 55.816405)
1669845801;0;0;POINT(37.448483 55.881687)
1049003104;0;0;POINT(37.390490 55.816162)
324805355;0;0;POINT(37.344520 55.812757)
443820136;0;0;POINT(37.334263 55.816749)
9412753626;0;0;POINT(37.350667 55.815308)
248789708;0;0;POINT(37.418354 55.847352)
617576761;0;0;POINT(37.413988 55.857119)
2460213617;0;0;POINT(37.448224 55.879554)
251486892;0;0;POINT(37.428189 55.858099)
5066392883;0;0;POINT(37.402241 55.875140)
249544011;0;0;POINT(37.407837 55.839772)
1154918851;0;0;POINT(37.434534 55.861861)
999326280;0;0;POINT(37.442692 55.883735)
6144636786;0;0;POINT(37.395168 55.833406)
8541958463;0;0;POINT(37.442007 55.838065)
248682410;0;0;POINT(37.354157 55.849670)
4002055833;0;0;POINT(37.458694 55.871198)
301695014;0;0;POINT(37.407155 55.852152)
5778617355;0;0;POINT(37.363360 55.825678)
915309427;0;0;POINT(37.420913 55.861462)
1277072941;0;0;POINT(37.432941 55.859455)
5668746276;0;0;POINT(37.340837 55.819048)
249668391;0;0;POINT(37.398592 55.833817)
9288271116;0;0;POINT(37.439213 55.853571)
1104438374;0;0;POINT(37.341005 55.815778)
303590546;0;0;POINT(37.448331 55.816149)
999300907;0;0;POINT(37.455721 55.882829)
7412579792;0;0;POINT(37.355434 55.849423)
1227847277;0;0;POINT(37.448855 55.832706)
494151201;0;0;POINT(37.339070 55.819775)
1109156926;0;0;POINT(37.399682 55.866569)
6144636842;0;0;POINT(37.396764 55.837053)
8342119798;0;0;POINT(37.406289 55.874609)
4278510420;0;0;POINT(37.346940 55.818037)
8259201509;0;0;POINT(37.393781 55.841220)
4069573596;0;0;POINT(37.458746 55.823456)
4466374096;0;0;POINT(37.445711 55.848868)
7077476167;0;0;POINT(37.351476 55.817549)
301695737;0;0;POINT(37.416119 55.861948)
1868486549;0;0;POINT(37.375068 55.878352)
3052006150;0;0;POINT(37.440660 55.813637)
430522487;0;0;POINT(37.448069 55.858859)
494153772;0;0;POINT(37.340914 55.817418)
249544499;0;0;POINT(37.406634 55.832719)
311834658;0;0;POINT(37.329292 55.818966)
1003561943;0;0;POINT(37.394866 55.854250)
1695016312;0;0;POINT(37.364676 55.818180)
248789405;0;0;POINT(37.443293 55.843281)
9593865269;0;0;POINT(37.382048 55.837084)
4278510206;0;0;POINT(37.349841 55.816851)
1049004122;0;0;POINT(37.391888 55.819253)
9105235303;0;0;POINT(37.438863 55.851156)
1003860828;0;0;POINT(37.395191 55.832266)
248682034;0;0;POINT(37.359863 55.846327)
1455355252;0;0;POINT(37.411152 55.870973)
248540081;0;0;POINT(37.342634 55.852583)
7425523761;0;0;POINT(37.352270 55.848485)
1391583252;0;0;POINT(37.438921 55.843504)
304179477;0;0;POINT(37.436029 55.864030)
4278510414;0;0;POINT(37.345475 55.818146)
1109157377;0;0;POINT(37.400310 55.864846)
301695484;0;0;POINT(37.421789 55.862273)
690976157;0;0;POINT(37.398692 55.833483)
1451971258;0;0;POINT(37.404151 55.886960)
7724218776;0;0;POINT(37.376387 55.845794)
1098001731;0;0;POINT(37.458764 55.818014)
6031365123;0;0;POINT(37.350206 55.817284)
900750200;0;0;POINT(37.328506 55.875368)
442031390;0;0;POINT(37.363592 55.818752)
3887704857;0;0;POINT(37.363667 55.830583)
5256743031;0;0;POINT(37.452970 55.830206)
6155610189;0;0;POINT(37.355600 55.817342)
2384966586;0;0;POINT(37.449352 55.877899)
7667734644;0;0;POINT(37.360678 55.852986)
301695958;0;0;POINT(37.414618 55.857532)
303571510;0;0;POINT(37.369556 55.863365)
1391583383;0;0;POINT(37.433749 55.846616)
3887779843;0;0;POINT(37.337842 55.822723)
4758756105;0;0;POINT(37.352940 55.831556)
442027377;0;0;POINT(37.368667 55.826770)
4170247982;0;0;POINT(37.352218 55.814849)
1455330147;0;0;POINT(37.407797 55.873852)
1003819160;0;0;POINT(37.398568 55.831675)
348043183;0;0;POINT(37.431991 55.875394)
442029051;0;0;POINT(37.366640 55.815293)
1988554401;0;0;POINT(37.378436 55.873424)
1003830175;0;0;POINT(37.388868 55.833935)
4891714351;0;0;POINT(37.399491 55.873209)
301695444;0;0;POINT(37.409123 55.856325)
1003806471;0;0;POINT(37.386033 55.853420)
3082407644;0;0;POINT(37.445927 55.845614)
7974991363;0;0;POINT(37.450200 55.821911)
301698659;0;0;POINT(37.416541 55.860699)
5256743033;0;0;POINT(37.452933 55.830018)
7648859481;0;0;POINT(37.418315 55.826061)
311973089;0;0;POINT(37.439048 55.843496)
3917371583;0;0;POINT(37.431202 55.824892)
7425523760;0;0;POINT(37.352375 55.848551)
2334831067;0;0;POINT(37.341065 55.818094)
